key,first_author,year,title,journal,doi,pmid,verification,url
alberti2009,Alberti,2009,Harmonizing the metabolic syndrome: a joint interim statement of the International Diabetes Federation Task Force on Epidemiology and Prevention; National Heart Lung and Blood Institute; American Heart Association; World Heart Federation; International Atherosclerosis Society; and International Association for the Study of Obesity,Circulation,10.1161/CIRCULATIONAHA.109.192644,19805654,NCBI PubMed ESummary,
anand2025,Anand,2025,Differences in fat distribution between metabolically unhealthy people with normal weight versus obesity NHANES 2011-2018,BMJ Open Diabetes Research & Care,10.1136/bmjdrc-2025-005118,40441740,NCBI PubMed ESummary,
benjamini1995,Benjamini,1995,Controlling the false discovery rate: a practical and powerful approach to multiple testing,Journal of the Royal Statistical Society Series B,10.1111/j.2517-6161.1995.tb02031.x,,Publisher DOI record,
canoy2007,Canoy,2007,Body fat distribution and risk of coronary heart disease in men and women in the European Prospective Investigation Into Cancer and Nutrition in Norfolk cohort: a population-based prospective study,Circulation,10.1161/CIRCULATIONAHA.106.673756,18071080,NCBI PubMed ESummary,
chen2016,Chen,2016,XGBoost: A Scalable Tree Boosting System,Proceedings of the 22nd ACM SIGKDD International Conference on Knowledge Discovery and Data Mining,10.1145/2939672.2939785,,ACM publisher record,
chen2018,Chen,2018,National Health and Nutrition Examination Survey: Estimation procedures 2011-2014,Vital and Health Statistics Series 2,,,CDC/NCHS primary source checked 2026-07-26,https://stacks.cdc.gov/view/cdc/51180
chen2020,Chen,2020,National Health and Nutrition Examination Survey 2015-2018: Sample design and estimation procedures,Vital and Health Statistics Series 2,,,CDC/NCHS primary source checked 2026-07-26,https://www.cdc.gov/nchs/data/series/sr_02/sr02-184-508.pdf
collins2024,Collins,2024,TRIPOD+AI statement: updated guidance for reporting clinical prediction models that use regression or machine learning methods,BMJ,10.1136/bmj-2023-078378,38626948,NCBI PubMed ESummary,
gavin2020,Gavin,2020,Sex Differences in Adipose Tissue Function,Endocrinology and Metabolism Clinics of North America,10.1016/j.ecl.2020.02.008,32418585,NCBI PubMed ESummary,
goossens2021,Goossens,2021,Sexual dimorphism in cardiometabolic health: the role of adipose tissue muscle and liver,Nature Reviews Endocrinology,10.1038/s41574-020-00431-8,33173188,NCBI PubMed ESummary,
grundy2008,Grundy,2008,Variable contributions of fat content and distribution to metabolic syndrome risk factors,Metabolic Syndrome and Related Disorders,10.1089/met.2008.0026,18759660,NCBI PubMed ESummary,
han2017,Han,2017,Anatomic fat depots and cardiovascular risk: a focus on the leg fat using nationwide surveys KNHANES 2008-2011,Cardiovascular Diabetology,10.1186/s12933-017-0536-4,28441953,NCBI PubMed ESummary,
hinton2017,Hinton,2017,Dual energy X-ray absorptiometry body composition reference values of limbs and trunk from NHANES 1999-2004 with additional visualization methods,PLOS ONE,10.1371/journal.pone.0174180,28346492,NCBI PubMed ESummary,
jensen2008,Jensen,2008,Role of body fat distribution and the metabolic complications of obesity,The Journal of Clinical Endocrinology & Metabolism,10.1210/jc.2008-1585,18987271,NCBI PubMed ESummary,
karastergiou2012,Karastergiou,2012,Sex differences in human adipose tissues - the biology of pear shape,Biology of Sex Differences,10.1186/2042-6410-3-13,22651247,NCBI PubMed ESummary,
lotta2017,Lotta,2017,Integrative genomic analysis implicates limited peripheral adipose storage capacity in the pathogenesis of human insulin resistance,Nature Genetics,10.1038/ng.3714,27841877,NCBI PubMed ESummary,
lumish2020,Lumish,2020,Sex Differences in Genomic Drivers of Adipose Distribution and Related Cardiometabolic Disorders: Opportunities for Precision Medicine,Arteriosclerosis Thrombosis and Vascular Biology,10.1161/ATVBAHA.119.313154,31747800,NCBI PubMed ESummary,
lumley2004,Lumley,2004,Analysis of complex survey samples,Journal of Statistical Software,10.18637/jss.v009.i08,,Journal of Statistical Software record,
manolopoulos2010,Manolopoulos,2010,Gluteofemoral body fat as a determinant of metabolic health,International Journal of Obesity,10.1038/ijo.2009.286,20065965,NCBI PubMed ESummary,
nchs2018,National Center for Health Statistics,2018,National Health and Nutrition Examination Survey: Analytic guidelines 2011-2016,CDC/NCHS,,,CDC/NCHS primary source checked 2026-07-26,https://wwwn.cdc.gov/nchs/data/nhanes/analyticguidelines/11-16-analytic-guidelines.pdf
nchs2020,National Center for Health Statistics,2020,2017-2018 data documentation codebook and frequencies: Dual-energy X-ray absorptiometry whole body DXX_J,CDC/NCHS,,,CDC/NCHS primary source checked 2026-07-26,https://wwwn.cdc.gov/Nchs/Data/Nhanes/Public/2017/DataFiles/DXX_J.htm
nchs2021,National Center for Health Statistics,2021,2017-2018 data documentation codebook and frequencies: Dual-energy X-ray absorptiometry android/gynoid measurements DXXAG_J,CDC/NCHS,,,CDC/NCHS primary source checked 2026-07-26,https://wwwn.cdc.gov/Nchs/Data/Nhanes/Public/2017/DataFiles/DXXAG_J.htm
nchs2026,National Center for Health Statistics,2026,NCHS Research Ethics Review Board approval,CDC/NCHS,,,CDC/NCHS primary source checked 2026-07-26,https://www.cdc.gov/nchs/nhanes/about/erb.html
neeland2019,Neeland,2019,Visceral and ectopic fat atherosclerosis and cardiometabolic disease: a position statement,The Lancet Diabetes & Endocrinology,10.1016/S2213-8587(19)30084-1,31301983,NCBI PubMed ESummary,
nuttall2015,Nuttall,2015,Body Mass Index: Obesity BMI and Health: A Critical Review,Nutrition Today,10.1097/NT.0000000000000092,27340299,NCBI PubMed ESummary,
ross2020,Ross,2020,Waist circumference as a vital sign in clinical practice: a Consensus Statement from the IAS and ICCR Working Group on Visceral Obesity,Nature Reviews Endocrinology,10.1038/s41574-019-0310-7,32020062,NCBI PubMed ESummary,
schorr2018,Schorr,2018,Sex differences in body composition and association with cardiometabolic risk,Biology of Sex Differences,10.1186/s13293-018-0189-3,29950175,NCBI PubMed ESummary,
shi2026,Shi,2026,Sex-Specific Associations of Android and Gynoid Adiposity with Prediabetes Among U.S. Adults: A Cross-Sectional Analysis of National Health and Nutrition Examination Survey 2011-2016,Metabolic Syndrome and Related Disorders,10.1177/15578518261446293,42047492,"PubMed 42047492; metadata refreshed 2026-10-05: 24(7), 326–334; DOI unchanged",
silvey2024,Silvey,2024,Sample Size Requirements for Popular Classification Algorithms in Tabular Clinical Data: Empirical Study,Journal of Medical Internet Research,10.2196/60231,39689306,NCBI PubMed ESummary,
steyerberg2014,Steyerberg,2014,Towards better clinical prediction models: seven steps for development and an ABCD for validation,European Heart Journal,10.1093/eurheartj/ehu207,24898551,NCBI PubMed ESummary,
tchernof2013,Tchernof,2013,Pathophysiology of human visceral obesity: an update,Physiological Reviews,10.1152/physrev.00033.2011,23303913,NCBI PubMed ESummary,
virtue2010,Virtue,2010,Adipose tissue expandability lipotoxicity and the Metabolic Syndrome--an allostatic perspective,Biochimica et Biophysica Acta,10.1016/j.bbalip.2009.12.006,20056169,NCBI PubMed ESummary,
vonelm2007,von Elm,2007,The Strengthening the Reporting of Observational Studies in Epidemiology STROBE statement: guidelines for reporting observational studies,The Lancet,10.1016/S0140-6736(07)61602-X,18064739,NCBI PubMed ESummary,
wu2010,Wu,2010,Independent and opposite associations of trunk and leg fat depots with adipokines inflammatory markers and metabolic syndrome in middle-aged and older Chinese men and women,The Journal of Clinical Endocrinology & Metabolism,10.1210/jc.2010-0181,20519350,NCBI PubMed ESummary,
yang2021,Yang,2021,Sex differences in the associations between adiposity distribution and cardiometabolic risk factors in overweight or obese individuals: a cross-sectional study,BMC Public Health,10.1186/s12889-021-11316-4,34174845,NCBI PubMed ESummary,
zou2004,Zou,2004,A modified Poisson regression approach to prospective studies with binary data,American Journal of Epidemiology,10.1093/aje/kwh090,15033648,NCBI PubMed ESummary,
