"log_ltr_z","sex","predicted_prevalence","ci_low","ci_high"
-2,"Men",0.704931497034866,0.581636213092717,0.854362923638325
-1.95,"Men",0.692985087339151,0.572696025414943,0.838539661466141
-1.9,"Men",0.68124113235743,0.563859222664568,0.823059128522429
-1.85,"Men",0.669696201108157,0.555124442141825,0.807914348084342
-1.8,"Men",0.658346920754314,0.54649036963573,0.793098455432233
-1.75,"Men",0.647189975618049,0.537955740618894,0.778604693498793
-1.7,"Men",0.636222106211994,0.529519341356228,0.764426408667318
-1.65,"Men",0.625440108287019,0.521180009903525,0.750557046741849
-1.6,"Men",0.61484083189611,0.512936636970973,0.736990149112888
-1.55,"Men",0.60442118047412,0.504788166626173,0.723719349142892
-1.5,"Men",0.594178109933104,0.496733596811226,0.710738368795789
-1.45,"Men",0.584108627773002,0.488771979648995,0.698041015534228
-1.4,"Men",0.574209792207376,0.480902421514821,0.685621179507155
-1.35,"Men",0.564478711303977,0.473124082851743,0.67347283104852
-1.3,"Men",0.554912542139864,0.465436177709755,0.6615900185055
-1.25,"Men",0.545508489970855,0.457837972992741,0.649966866411494
-1.2,"Men",0.536263807415039,0.450328787400493,0.63859757401545
-1.15,"Men",0.527175793650139,0.442907990057541,0.627476414174756
-1.1,"Men",0.518241793624465,0.435574998825351,0.616597732614104
-1.05,"Men",0.509459197281243,0.428329278299679,0.605955947547569
-1,"Men",0.500825438796096,0.421170337500349,0.595545549655652
-0.95,"Men",0.492337995827437,0.414097727266294,0.585361102403491
-0.9,"Men",0.483994388779573,0.407111037374277,0.57539724268088
-0.85,"Men",0.475792180078289,0.400209893405022,0.565648681739487
-0.8,"Men",0.467728973458722,0.393393953385411,0.556110206397654
-0.75,"Men",0.459802413265288,0.386662904239843,0.546776680478876
-0.7,"Men",0.452010183763484,0.380016458087532,0.537643046446262
-0.65,"Men",0.444350008463349,0.373454348425463,0.528704327192447
-0.6,"Men",0.436819649454386,0.366976326238732,0.519955627942395
-0.55,"Men",0.429416906751768,0.360582156081103,0.511392138225445
-0.5,"Men",0.422139617653605,0.354271612168695,0.503009133872901
-0.45,"Men",0.414985656109121,0.348044474528905,0.494801978998277
-0.4,"Men",0.407952932097529,0.341900525244919,0.486766127919086
-0.35,"Men",0.401039391017431,0.335839544833609,0.478897126981626
-0.3,"Men",0.394243013086573,0.329861308791333,0.471190616253518
-0.25,"Men",0.387561812751766,0.323965584338307,0.463642331052615
-0.2,"Men",0.380993838108809,0.318152127387872,0.456248103285242
-0.15,"Men",0.374537170332244,0.312420679762388,0.449003862571367
-0.0999999999999999,"Men",0.368189923114772,0.306770966672666,0.441905637139098
-0.0499999999999998,"Men",0.361950242116172,0.301202694473084,0.434949554475723
0,"Men",0.355816304421557,0.295715548699768,0.428131841727244
0.0500000000000003,"Men",0.349786318008814,0.290309192394776,0.421448825842845
0.1,"Men",0.343858521225061,0.284983264715005,0.41489693346495
0.15,"Men",0.338031182271991,0.27973737982075,0.408472690569343
0.2,"Men",0.332302598699921,0.274571126035466,0.402172721863178
0.25,"Men",0.326671096910431,0.269484065265398,0.395993749951665
0.3,"Men",0.321135031667417,0.264475732665304,0.389932594286606
0.35,"Men",0.315692785616442,0.259545636534602,0.383986169911903
0.4,"Men",0.310342768812229,0.25469325842679,0.378151486022646
0.45,"Men",0.305083418254156,0.249918053453979,0.372425644355379
0.5,"Men",0.299913197429631,0.2452194507678,0.366805837427786
0.55,"Men",0.294830595865199,0.240596854197695,0.361289346646251
0.6,"Men",0.289834128685264,0.236049643027716,0.355873540299667
0.65,"Men",0.284922336178277,0.231577172893333,0.350555871457502
0.7,"Men",0.28009378337029,0.227178776780359,0.345333875789516
0.75,"Men",0.275347059605727,0.222853766108922,0.340205169323744
0.8,"Men",0.270680778135262,0.218601431886333,0.335167446158398
0.85,"Men",0.266093575710686,0.214421045913799,0.330218476142326
0.9,"Men",0.261584112186628,0.210311862033018,0.325356102537498
0.95,"Men",0.257151070129044,0.206273117399897,0.320578239675867
1,"Men",0.25279315443032,0.202304033773805,0.315882870621764
1.05,"Men",0.248509091930915,0.198403818811947,0.311268044849795
1.1,"Men",0.244297631047404,0.19457166735963,0.306731875947096
1.15,"Men",0.240157541406835,0.190806762728243,0.302272539347676
1.2,"Men",0.236087613487271,0.187108277953907,0.297888270105536
1.25,"Men",0.232086658264436,0.183475377030673,0.293577360712267
1.3,"Men",0.228153506864337,0.17990721611314,0.289338158963894
1.35,"Men",0.224287010221784,0.176402944684179,0.285169065880896
1.4,"Men",0.220486038744687,0.17296170668427,0.281068533684544
1.45,"Men",0.216749481984053,0.169582641599657,0.277035063831972
1.5,"Men",0.213076248309566,0.166264885507181,0.273067205111803
1.55,"Men",0.209465264590666,0.163007572074223,0.269163551801507
1.6,"Men",0.205915475883044,0.159809833512722,0.265322741887251
1.65,"Men",0.202425845120432,0.156670801486662,0.261543455346463
1.7,"Men",0.198995352811631,0.153589607972826,0.257824412493009
1.75,"Men",0.195622996742664,0.150565386074976,0.254164372384528
1.8,"Men",0.192307791683986,0.147597270791882,0.250562131291153
1.85,"Men",0.189048769102645,0.144684399739893,0.247016521224651
1.9,"Men",0.185844976879329,0.141825913830944,0.24352640852678
1.95,"Men",0.182695479030205,0.139020957907072,0.240090692515491
2,"Men",0.179599355433472,0.136268681332647,0.236708304187506
-2,"Women",0.592130666999927,0.463715607364663,0.7561072373526
-1.95,"Women",0.579109907937277,0.454740335916135,0.737494035569722
-1.9,"Women",0.566375471093718,0.445928620677283,0.719355429058185
-1.85,"Women",0.553921060337609,0.437277352819332,0.701679469808518
-1.8,"Women",0.541740517987174,0.428783480598997,0.684454514010255
-1.75,"Women",0.529827821766043,0.420444008420089,0.667669214200977
-1.7,"Women",0.518177081825723,0.412255995927789,0.651312511598871
-1.65,"Women",0.50678253783356,0.404216557136208,0.635373628612844
-1.6,"Women",0.495638556124722,0.396322859589892,0.619842061524287
-1.55,"Women",0.48473962691682,0.388572123559948,0.604707573334728
-1.5,"Women",0.474080361585772,0.380961621275498,0.589960186773679
-1.45,"Women",0.46365549000157,0.373488676191144,0.575590177461165
-1.4,"Women",0.453459857922635,0.366150662291135,0.561588067219496
-1.35,"Women",0.443488424447472,0.358945003430896,0.547944617529036
-1.3,"Women",0.433736259522351,0.351869172716493,0.534650823122883
-1.25,"Women",0.424198541503811,0.34492069192256,0.521697905715557
-1.2,"Women",0.414870554774745,0.338097130949103,0.509077307861021
-1.15,"Women",0.405747687412919,0.33139610731741,0.496780686935615
-1.1,"Women",0.396825428910757,0.324815285705177,0.484799909241759
-1.05,"Women",0.388099367945263,0.318352377520684,0.473127044228613
-1,"Women",0.379565190196988,0.312005140515601,0.461754358826251
-0.95,"Women",0.37121867621695,0.3057713784357,0.450674311890324
-0.9,"Women",0.363055699340468,0.299648940708353,0.43987954875464
-0.85,"Women",0.355072223646859,0.293635722165269,0.429362895889638
-0.8,"Women",0.347264301964016,0.287729662798466,0.419117355665278
-0.75,"Women",0.339628073916849,0.281928747546882,0.409136101217515
-0.7,"Women",0.332159764018649,0.27623100611048,0.399412471418206
-0.65,"Women",0.324855679804423,0.270634512788021,0.389939965949031
-0.6,"Women",0.317712210005269,0.265137386333996,0.380712240480774
-0.55,"Women",0.310725822762905,0.259737789829482,0.371723101960133
-0.5,"Women",0.303893063883453,0.254433930560922,0.362966504007059
-0.45,"Women",0.297210555129625,0.249224059900072,0.354436542426434
-0.4,"Women",0.290674992550463,0.244106473177628,0.346127450838756
-0.35,"Women",0.284283144847804,0.239079509542282,0.338033596435268
-0.3,"Women",0.278031851778675,0.234141551796368,0.330149475863677
-0.25,"Women",0.271918022592805,0.229291026198632,0.322469711251276
-0.2,"Women",0.265938634504511,0.224526402224256,0.314989046372754
-0.15,"Women",0.260090731198172,0.219846192271973,0.307702342970367
-0.0999999999999999,"Women",0.25437142136658,0.215248951307981,0.300604577234263
-0.0499999999999998,"Women",0.248777877281422,0.210733276436522,0.293690836450756
0,"Women",0.243307333395204,0.206297806387313,0.286956315825981
0.0500000000000003,"Women",0.237957084973912,0.201941220910693,0.280396315491838
0.1,"Women",0.232724486759748,0.197662240072213,0.274006237700236
0.15,"Women",0.227606951663262,0.193459623439667,0.267781584210509
0.2,"Women",0.222601949484255,0.189332169157008,0.261717953873434
0.25,"Women",0.217707005660798,0.185278712901415,0.255811040413532
0.3,"Women",0.212919700045768,0.181298126721756,0.250056630409407
0.35,"Women",0.208237665710283,0.177389317758947,0.244450601469661
0.4,"Women",0.203658587773449,0.173551226851069,0.238988920599612
0.45,"Women",0.199180202257844,0.16978282702857,0.233667642751642
0.5,"Women",0.194800294970169,0.16608312190737,0.228482909549528
0.55,"Women",0.190516700406504,0.162451143990077,0.223430948174787
0.6,"Women",0.186327300681655,0.158885952887819,0.218508070400815
0.65,"Women",0.182230024482026,0.155386633477202,0.213710671758596
0.7,"Women",0.178222846041525,0.151952294008694,0.209035230816086
0.75,"Women",0.174303784139996,0.148582064184069,0.204478308551994
0.8,"Women",0.170470901123661,0.145275093221543,0.200036547803802
0.85,"Women",0.166722301947114,0.142030547927735,0.19570667276935
0.9,"Women",0.163056133236376,0.138847610795644,0.19148548854132
0.95,"Women",0.159470582372552,0.13572547814741,0.187369880654396
1,"Women",0.155963876595643,0.132663358339776,0.18335681462579
1.05,"Women",0.152534282128061,0.129660470048891,0.179443335471094
1.1,"Women",0.149180103317417,0.126716040649456,0.175626567179131
1.15,"Women",0.145899681798162,0.123829304701321,0.171903712131382
1.2,"Women",0.142691395671662,0.120999502554455,0.16827205045379
1.25,"Women",0.139553658704301,0.118225879080943,0.164728939291056
1.3,"Women",0.136484919543219,0.115507682540269,0.161271811995922
1.35,"Women",0.133483660949299,0.112844163581793,0.15789817722839
1.4,"Women",0.130548399047011,0.110234574386008,0.154605617962097
1.45,"Women",0.127677682590763,0.107678167944002,0.151391790397336
1.5,"Women",0.124870092247376,0.105174197472521,0.148254422782187
1.55,"Women",0.122124239894345,0.102721915960262,0.145191314145086
1.6,"Women",0.119438767933519,0.10032057583946,0.14220033294372
1.65,"Women",0.116812348619887,0.0979694287755458,0.139279415636442
1.7,"Women",0.114243683405116,0.095667725566603,0.136426565183491
1.75,"Women",0.111731502295524,0.0934147161435975,0.133639849486073
1.8,"Women",0.109274563224172,0.091209649661809,0.130917399771938
1.85,"Women",0.106871651436766,0.0890517746735983,0.128257408936376
1.9,"Women",0.104521578891063,0.0869403393725612,0.125658129847703
1.95,"Women",0.102223183669475,0.0848745918992037,0.123117873626221
2,"Women",0.099975329404603,0.0828537806985346,0.120635007905387
