model,n,predicted,observed
penalized_logistic,76,0.054024456335824395,0.038413548860838295
penalized_logistic,75,0.11070077803239133,0.10894305041308963
penalized_logistic,75,0.17627521976611507,0.20621988573398065
penalized_logistic,75,0.25429028362696665,0.33844304891065713
penalized_logistic,75,0.34511670450732457,0.30616448450853545
penalized_logistic,75,0.44673498733576394,0.3350132315177372
penalized_logistic,75,0.5453363469911601,0.5079997510832605
penalized_logistic,75,0.6527023477791528,0.6828383633226581
penalized_logistic,75,0.7545607379831476,0.8871493170681549
penalized_logistic,75,0.8757020714827193,0.8158028172429291
spline_logistic,76,0.05094375898657691,0.04263126894701054
spline_logistic,75,0.09533248936728664,0.11578269444085328
spline_logistic,75,0.15449723494016793,0.17311603232656006
spline_logistic,75,0.23606391284617426,0.27279392477572795
spline_logistic,75,0.3233512821815834,0.40696020682648115
spline_logistic,75,0.4296916630693363,0.3370681684996772
spline_logistic,75,0.5431726115753626,0.5793874719329846
spline_logistic,75,0.6550985642485648,0.6816078224062305
spline_logistic,75,0.765901800356891,0.7796319654028621
spline_logistic,75,0.8656267893047314,0.8299395633360515
xgboost,76,0.04653268808031445,0.052300097189459056
xgboost,75,0.08633651621577443,0.1319512805420381
xgboost,75,0.15586266710819943,0.1678564611414482
xgboost,75,0.24771767061596792,0.2602759101480679
xgboost,75,0.3466507973810743,0.38256171274816336
xgboost,75,0.43030424107305754,0.33938311466911936
xgboost,75,0.518863894009565,0.4887542158791745
xgboost,75,0.641831209852353,0.6272867714661412
xgboost,75,0.7267067120376443,0.8840347872395468
xgboost,75,0.8477956044791729,0.7902620576026474
