panel,model,,calibration_intercept,calibration_slope
A_base,penalized_logistic,0.025,-0.3527178089140454,0.51534571503884
A_base,penalized_logistic,0.975,0.14388171275123124,1.0955769616764115
A_base,spline_logistic,0.025,-0.36409235610490237,0.4542458807418454
A_base,spline_logistic,0.975,0.12945924912047166,1.0467502463002447
A_base,xgboost,0.025,-0.29252482839012567,0.5011670155185293
A_base,xgboost,0.975,0.2524093576933228,1.0808376575203609
B_bmi,penalized_logistic,0.025,-0.2710460675639599,0.752869599614002
B_bmi,penalized_logistic,0.975,0.21755333092967333,1.1328268423172212
B_bmi,spline_logistic,0.025,-0.21697567054686856,0.6898458487611393
B_bmi,spline_logistic,0.975,0.29946367206575186,1.1179742676678996
B_bmi,xgboost,0.025,-0.19884033406132917,0.7251044807268108
B_bmi,xgboost,0.975,0.30623917176631843,1.2273298789533462
C_bmi_waist,penalized_logistic,0.025,-0.2630948957835063,0.7300141097119615
C_bmi_waist,penalized_logistic,0.975,0.2689192354049042,1.1634968800410344
C_bmi_waist,spline_logistic,0.025,-0.20502287709212405,0.6929784360854743
C_bmi_waist,spline_logistic,0.975,0.3597157965029161,1.1566523998196265
C_bmi_waist,xgboost,0.025,-0.19083173791084285,0.6946222595392727
C_bmi_waist,xgboost,0.975,0.38158291226963775,1.2432638993363752
D_dxa,penalized_logistic,0.025,-0.2865549910537042,0.7338539368746688
D_dxa,penalized_logistic,0.975,0.2802275277298796,1.274746956724505
D_dxa,spline_logistic,0.025,-0.23439104644948777,0.7309725022305505
D_dxa,spline_logistic,0.975,0.36542087874095924,1.24444333317112
D_dxa,xgboost,0.025,-0.23786887838943255,0.740275814551086
D_dxa,xgboost,0.975,0.36635299149624273,1.3002446768282556
