panel,model,parameters,cv_log_loss,fold_log_losses
A_base,penalized_logistic,"{""C"": 0.1}",0.5908700179436305,"[0.5862767583766023, 0.5946521076862376, 0.5916811877680515]"
A_base,penalized_logistic,"{""C"": 1.0}",0.5915079764731539,"[0.586149548023267, 0.5960568069248666, 0.5923175744713282]"
A_base,penalized_logistic,"{""C"": 10.0}",0.591614467174241,"[0.5861425127960533, 0.5962811867908474, 0.5924197019358223]"
A_base,spline_logistic,"{""C"": 0.1, ""n_knots"": 5}",0.5943933704411857,"[0.5899156471778242, 0.5984840733569083, 0.5947803907888245]"
A_base,spline_logistic,"{""C"": 1.0, ""n_knots"": 5}",0.5930891843419217,"[0.5870136849827302, 0.5984553236058772, 0.5937985444371577]"
A_base,spline_logistic,"{""C"": 10.0, ""n_knots"": 5}",0.5979811653741613,"[0.5890638544667837, 0.5993459115314839, 0.6055337301242165]"
A_base,xgboost,"{""learning_rate"": 0.03, ""max_depth"": 2, ""n_estimators"": 250}",0.598897878925262,"[0.5904455924762823, 0.6001435863283421, 0.606104457971162]"
A_base,xgboost,"{""learning_rate"": 0.03, ""max_depth"": 3, ""n_estimators"": 250}",0.6044893851806775,"[0.5925042093852682, 0.6075319838854316, 0.6134319622713328]"
A_base,xgboost,"{""learning_rate"": 0.05, ""max_depth"": 3, ""n_estimators"": 180}",0.6086013605548911,"[0.5936597913014972, 0.611792184074916, 0.6203521062882603]"
B_bmi,penalized_logistic,"{""C"": 0.1}",0.5352740458386002,"[0.5337124659685192, 0.5380593286170661, 0.534050342930215]"
B_bmi,penalized_logistic,"{""C"": 1.0}",0.5357858386101847,"[0.5337493121300059, 0.539539366314465, 0.5340688373860835]"
B_bmi,penalized_logistic,"{""C"": 10.0}",0.5358997081019435,"[0.5337901643821771, 0.5398251822521989, 0.5340837776714544]"
B_bmi,spline_logistic,"{""C"": 0.1, ""n_knots"": 5}",0.542167411861464,"[0.5348108049669309, 0.5459097484160751, 0.5457816822013861]"
B_bmi,spline_logistic,"{""C"": 1.0, ""n_knots"": 5}",0.5360518013216716,"[0.5272563416185673, 0.541467277900946, 0.5394317844455015]"
B_bmi,spline_logistic,"{""C"": 10.0, ""n_knots"": 5}",0.5442287990134047,"[0.5296053757978433, 0.5468488094925105, 0.5562322117498603]"
B_bmi,xgboost,"{""learning_rate"": 0.03, ""max_depth"": 2, ""n_estimators"": 250}",0.5414606066678407,"[0.528549528598759, 0.5516724163697936, 0.5441598750349693]"
B_bmi,xgboost,"{""learning_rate"": 0.03, ""max_depth"": 3, ""n_estimators"": 250}",0.5492497469639197,"[0.532677089534042, 0.564552618099895, 0.550519533257822]"
B_bmi,xgboost,"{""learning_rate"": 0.05, ""max_depth"": 3, ""n_estimators"": 180}",0.5543491289716798,"[0.5366122565175494, 0.5681561112051698, 0.55827901919232]"
C_bmi_waist,penalized_logistic,"{""C"": 0.1}",0.5275530816602564,"[0.5284907314832352, 0.5299724153711559, 0.5241960981263779]"
C_bmi_waist,penalized_logistic,"{""C"": 1.0}",0.5279571706397308,"[0.5287457584359164, 0.5314332356067338, 0.5236925178765421]"
C_bmi_waist,penalized_logistic,"{""C"": 10.0}",0.5280576264477558,"[0.5288240529139694, 0.531713812131146, 0.523635014298152]"
C_bmi_waist,spline_logistic,"{""C"": 0.1, ""n_knots"": 5}",0.5323678057340258,"[0.526001809171913, 0.5376155633615578, 0.5334860446686065]"
C_bmi_waist,spline_logistic,"{""C"": 1.0, ""n_knots"": 5}",0.5294372665704536,"[0.5245697371623987, 0.5351379706639188, 0.5286040918850434]"
C_bmi_waist,spline_logistic,"{""C"": 10.0, ""n_knots"": 5}",0.5363741454918348,"[0.5281341192519359, 0.539079364004672, 0.5419089532188965]"
C_bmi_waist,xgboost,"{""learning_rate"": 0.03, ""max_depth"": 2, ""n_estimators"": 250}",0.5351971913350916,"[0.5261949753602896, 0.5437062500033125, 0.5356903486416726]"
C_bmi_waist,xgboost,"{""learning_rate"": 0.03, ""max_depth"": 3, ""n_estimators"": 250}",0.5423105849266451,"[0.5302066099817191, 0.555811687266814, 0.5409134575314023]"
C_bmi_waist,xgboost,"{""learning_rate"": 0.05, ""max_depth"": 3, ""n_estimators"": 180}",0.545837295613309,"[0.5332259686972246, 0.560297407653781, 0.5439885104889212]"
D_dxa,penalized_logistic,"{""C"": 0.1}",0.5007463891386578,"[0.5075992137051123, 0.5083284398959468, 0.48631151381491433]"
D_dxa,penalized_logistic,"{""C"": 1.0}",0.5008107921872892,"[0.5061717907966449, 0.5091242624185279, 0.48713632334669477]"
D_dxa,penalized_logistic,"{""C"": 10.0}",0.5009446134764534,"[0.5060138647255397, 0.5094180754619081, 0.4874019002419122]"
D_dxa,spline_logistic,"{""C"": 0.1, ""n_knots"": 5}",0.5056529196689753,"[0.5030599134291438, 0.5146694987909924, 0.49922934678678943]"
D_dxa,spline_logistic,"{""C"": 1.0, ""n_knots"": 5}",0.5041398865569572,"[0.5062365575200959, 0.512926170345434, 0.49325693180534197]"
D_dxa,spline_logistic,"{""C"": 10.0, ""n_knots"": 5}",0.5071337731136086,"[0.5125864050691821, 0.5133284252268523, 0.4954864890447917]"
D_dxa,xgboost,"{""learning_rate"": 0.03, ""max_depth"": 2, ""n_estimators"": 250}",0.5122981023112803,"[0.5144389265679961, 0.5185886225635036, 0.5038667578023411]"
D_dxa,xgboost,"{""learning_rate"": 0.03, ""max_depth"": 3, ""n_estimators"": 250}",0.5164834921592607,"[0.5229151229855157, 0.52525547775371, 0.5012798757385564]"
D_dxa,xgboost,"{""learning_rate"": 0.05, ""max_depth"": 3, ""n_estimators"": 180}",0.5176113900017376,"[0.5214617637111709, 0.529053846819822, 0.5023185594742199]"
