panel,model,bootstrap_valid_replicates,auc_ci_low,auc_ci_high
A_base,penalized_logistic,1000,0.6383695256848799,0.7533134989911685
A_base,spline_logistic,1000,0.6287230190711165,0.7461821649913591
A_base,xgboost,1000,0.6356927030130141,0.7509957049904165
B_bmi,penalized_logistic,1000,0.7238361246857045,0.8100540949087088
B_bmi,spline_logistic,1000,0.716762928618403,0.8103810336020525
B_bmi,xgboost,1000,0.7223612412321584,0.8154633824655491
C_bmi_waist,penalized_logistic,1000,0.7318180214734274,0.8269408930032924
C_bmi_waist,spline_logistic,1000,0.7277309121247122,0.8234351313568378
C_bmi_waist,xgboost,1000,0.726535994796951,0.8310531236535801
D_dxa,penalized_logistic,1000,0.759714454723884,0.8678225602005123
D_dxa,spline_logistic,1000,0.7608524200808151,0.8688761537070613
D_dxa,xgboost,1000,0.7562938021237052,0.8665112510599258
