panel,model,selected_parameters,development_n,test_n,weighted_auc,weighted_average_precision,weighted_log_loss,weighted_brier,calibration_intercept,calibration_slope,bootstrap_valid_replicates,auc_ci_low,auc_ci_high
A_base,penalized_logistic,"{""C"": 0.1}",3220,751,0.6914887553046545,0.5406094781562889,0.6214968827138283,0.2156779714206981,-0.13475115044004946,0.7540767413039968,1000,0.6383695256848799,0.7533134989911685
A_base,spline_logistic,"{""C"": 1.0, ""n_knots"": 5}",3220,751,0.6833917822978565,0.5305142480134548,0.6297085147973828,0.21867269268685288,-0.14810040841824282,0.6969765381662612,1000,0.6287230190711165,0.7461821649913591
A_base,xgboost,"{""learning_rate"": 0.03, ""max_depth"": 2, ""n_estimators"": 250}",3220,751,0.688376299392402,0.54605013135829,0.6246520298211756,0.21672087167450263,-0.059530143955030895,0.7333412883945912,1000,0.6356927030130141,0.7509957049904165
B_bmi,penalized_logistic,"{""C"": 0.1}",3220,751,0.7663677503121786,0.6703263633234094,0.5562815777876176,0.18963675679092612,-0.04527422262820177,0.9227272585361189,1000,0.7238361246857045,0.8100540949087088
B_bmi,spline_logistic,"{""C"": 1.0, ""n_knots"": 5}",3220,751,0.7630621308791031,0.6645636259375589,0.5604245051189405,0.19154003973718556,0.014668455245153842,0.881855877857695,1000,0.716762928618403,0.8103810336020525
B_bmi,xgboost,"{""learning_rate"": 0.03, ""max_depth"": 2, ""n_estimators"": 250}",3220,751,0.7681587090285732,0.6660743926144328,0.5567773151860689,0.18911040017379097,0.03133869872390022,0.9439227273527847,1000,0.7223612412321584,0.8154633824655491
C_bmi_waist,penalized_logistic,"{""C"": 0.1}",3220,751,0.7786562728629847,0.6791072687997253,0.5472139512308823,0.18561379302074793,-0.02347617198932148,0.9171031734878209,1000,0.7318180214734274,0.8269408930032924
C_bmi_waist,spline_logistic,"{""C"": 1.0, ""n_knots"": 5}",3220,751,0.7757465190955084,0.6756213517144593,0.5491316482878429,0.18672908463188786,0.04215043435307014,0.8911098317262696,1000,0.7277309121247122,0.8234351313568378
C_bmi_waist,xgboost,"{""learning_rate"": 0.03, ""max_depth"": 2, ""n_estimators"": 250}",3220,751,0.7768197058048798,0.6725156419753799,0.5489720286110559,0.18567409746129132,0.06182850698464644,0.916176261378711,1000,0.726535994796951,0.8310531236535801
D_dxa,penalized_logistic,"{""C"": 0.1}",3220,751,0.8114239398026611,0.7202844393144318,0.5142227135695525,0.16979636100352455,-0.03120723349445482,0.9563711077772392,1000,0.759714454723884,0.8678225602005123
D_dxa,spline_logistic,"{""C"": 1.0, ""n_knots"": 5}",3220,751,0.8121977393209285,0.7211786559031772,0.5148322082565029,0.17043285601484098,0.024985450266136466,0.939116455133423,1000,0.7608524200808151,0.8688761537070613
D_dxa,xgboost,"{""learning_rate"": 0.03, ""max_depth"": 2, ""n_estimators"": 250}",3220,751,0.80732128054444,0.7168639921032098,0.5194163776895316,0.17218631128189105,0.026849606955661243,0.9605287901690666,1000,0.7562938021237052,0.8665112510599258
