"log_ltr_z","RIDAGEYR","INDFMPIR","total_fmi","sex","race_ethnicity","cycle","education","smoking","predicted_prevalence","ci_low","ci_high"
-2,39,2.14,8.80648378046833,"Men","3","2013-2014","4","Never",0.620000859626917,0.509496511177127,0.754472420331212
-1.95,39,2.14,8.80648378046833,"Men","3","2013-2014","4","Never",0.620600711153993,0.511076620052365,0.753595894575221
-1.9,39,2.14,8.80648378046833,"Men","3","2013-2014","4","Never",0.620632013776398,0.512030812807551,0.752267416119195
-1.85,39,2.14,8.80648378046833,"Men","3","2013-2014","4","Never",0.620101216923489,0.512400720239394,0.75043906856794
-1.8,39,2.14,8.80648378046833,"Men","3","2013-2014","4","Never",0.619016286379564,0.512224220297824,0.748073104743763
-1.75,39,2.14,8.80648378046833,"Men","3","2013-2014","4","Never",0.617386639091459,0.511535179952947,0.745141833966743
-1.7,39,2.14,8.80648378046833,"Men","3","2013-2014","4","Never",0.615223072485734,0.510363455912553,0.741627215925977
-1.65,39,2.14,8.80648378046833,"Men","3","2013-2014","4","Never",0.612537688905119,0.508735082258299,0.737520240718772
-1.6,39,2.14,8.80648378046833,"Men","3","2013-2014","4","Never",0.609343815786599,0.506672583705079,0.732820163905882
-1.55,39,2.14,8.80648378046833,"Men","3","2013-2014","4","Never",0.6056559222105,0.504195365844874,0.727533652543547
-1.5,39,2.14,8.80648378046833,"Men","3","2013-2014","4","Never",0.601489532451352,0.501320145938597,0.721673885598963
-1.45,39,2.14,8.80648378046833,"Men","3","2013-2014","4","Never",0.596861137157428,0.498061398278217,0.715259641241783
-1.4,39,2.14,8.80648378046833,"Men","3","2013-2014","4","Never",0.591788102776972,0.494431796390942,0.708314394714732
-1.35,39,2.14,8.80648378046833,"Men","3","2013-2014","4","Never",0.58628857983558,0.490442640422601,0.700865443815069
-1.3,39,2.14,8.80648378046833,"Men","3","2013-2014","4","Never",0.580381410651312,0.486104262189438,0.692943074213033
-1.25,39,2.14,8.80648378046833,"Men","3","2013-2014","4","Never",0.574086037052322,0.481426402988919,0.684579773548536
-1.2,39,2.14,8.80648378046833,"Men","3","2013-2014","4","Never",0.567422408636449,0.476418560681266,0.675809501129392
-1.15,39,2.14,8.80648378046833,"Men","3","2013-2014","4","Never",0.560410892083828,0.471090303135712,0.666667018776901
-1.1,39,2.14,8.80648378046833,"Men","3","2013-2014","4","Never",0.55307218200245,0.465451545180993,0.657187287639157
-1.05,39,2.14,8.80648378046833,"Men","3","2013-2014","4","Never",0.545427213753299,0.459512785972678,0.647404935366423
-1,39,2.14,8.80648378046833,"Men","3","2013-2014","4","Never",0.537497078666523,0.453285303420671,0.637353797696216
-0.95,39,2.14,8.80648378046833,"Men","3","2013-2014","4","Never",0.529302942023594,0.44678130220542,0.627066538039724
-0.9,39,2.14,8.80648378046833,"Men","3","2013-2014","4","Never",0.520865964142878,0.440014012109303,0.616574347943938
-0.85,39,2.14,8.80648378046833,"Men","3","2013-2014","4","Never",0.512207224867946,0.432997734010609,0.605906730219737
-0.8,39,2.14,8.80648378046833,"Men","3","2013-2014","4","Never",0.503347651719664,0.425747831981704,0.595091365027993
-0.75,39,2.14,8.80648378046833,"Men","3","2013-2014","4","Never",0.494307951934898,0.418280671481083,0.584154057324458
-0.7,39,2.14,8.80648378046833,"Men","3","2013-2014","4","Never",0.485108548577024,0.410613505539643,0.573118761871282
-0.65,39,2.14,8.80648378046833,"Men","3","2013-2014","4","Never",0.475769520866484,0.402764312959906,0.562007679682527
-0.6,39,2.14,8.80648378046833,"Men","3","2013-2014","4","Never",0.466310548843767,0.394751594675647,0.550841417478356
-0.55,39,2.14,8.80648378046833,"Men","3","2013-2014","4","Never",0.45675086244262,0.38659413634902,0.539639199684426
-0.5,39,2.14,8.80648378046833,"Men","3","2013-2014","4","Never",0.447109195018255,0.378310746827161,0.528419120911739
-0.45,39,2.14,8.80648378046833,"Men","3","2013-2014","4","Never",0.437403741343913,0.369919983109901,0.517198425814191
-0.4,39,2.14,8.80648378046833,"Men","3","2013-2014","4","Never",0.427652120059683,0.361439872941547,0.505993802795294
-0.35,39,2.14,8.80648378046833,"Men","3","2013-2014","4","Never",0.41787134052993,0.352887646062358,0.494821678187694
-0.3,39,2.14,8.80648378046833,"Men","3","2013-2014","4","Never",0.408077774040253,0.34427948464085,0.48369849815294
-0.25,39,2.14,8.80648378046833,"Men","3","2013-2014","4","Never",0.398287129241609,0.33563030260427,0.472640986492094
-0.2,39,2.14,8.80648378046833,"Men","3","2013-2014","4","Never",0.388514431728183,0.326953562650363,0.46166636765628
-0.15,39,2.14,8.80648378046833,"Men","3","2013-2014","4","Never",0.378774007616693,0.318261138791122,0.450792545363736
-0.0999999999999999,39,2.14,8.80648378046833,"Men","3","2013-2014","4","Never",0.36907947097824,0.309563231418062,0.440038228292087
-0.0499999999999998,39,2.14,8.80648378046833,"Men","3","2013-2014","4","Never",0.35944371495935,0.300868341067647,0.429422995338447
0,39,2.14,8.80648378046833,"Men","3","2013-2014","4","Never",0.349878906416635,0.292183306176706,0.418967294049532
0.0500000000000003,39,2.14,8.80648378046833,"Men","3","2013-2014","4","Never",0.340396483879308,0.28351340891772,0.408692367248925
0.1,39,2.14,8.80648378046833,"Men","3","2013-2014","4","Never",0.331007158645715,0.274862551380401,0.398620104937737
0.15,39,2.14,8.80648378046833,"Men","3","2013-2014","4","Never",0.321720918813851,0.266233501587863,0.388772821546165
0.2,39,2.14,8.80648378046833,"Men","3","2013-2014","4","Never",0.312547036041509,0.257628204851089,0.379172962815913
0.25,39,2.14,8.80648378046833,"Men","3","2013-2014","4","Never",0.303494074829169,0.249048150732279,0.369842752036445
0.3,39,2.14,8.80648378046833,"Men","3","2013-2014","4","Never",0.29456990411777,0.240494779710079,0.360803791735342
0.35,39,2.14,8.80648378046833,"Men","3","2013-2014","4","Never",0.285781710994106,0.231969907258585,0.352076643491851
0.4,39,2.14,8.80648378046833,"Men","3","2013-2014","4","Never",0.277136016298542,0.223476137622187,0.343680414146377
0.45,39,2.14,8.80648378046833,"Men","3","2013-2014","4","Never",0.268638691933002,0.215017236468372,0.33563237993755
0.5,39,2.14,8.80648378046833,"Men","3","2013-2014","4","Never",0.260294979671534,0.206598432072638,0.327947679769335
0.55,39,2.14,8.80648378046833,"Men","3","2013-2014","4","Never",0.252109511281175,0.198226619401309,0.320639104225238
0.6,39,2.14,8.80648378046833,"Men","3","2013-2014","4","Never",0.244086329767112,0.189910450151372,0.313716998362605
0.65,39,2.14,8.80648378046833,"Men","3","2013-2014","4","Never",0.236228911563174,0.181660303216006,0.307189285002828
0.7,39,2.14,8.80648378046833,"Men","3","2013-2014","4","Never",0.228540189496435,0.173488142170124,0.301061603183512
0.75,39,2.14,8.80648378046833,"Men","3","2013-2014","4","Never",0.221022576362912,0.165407277031235,0.295337545837687
0.8,39,2.14,8.80648378046833,"Men","3","2013-2014","4","Never",0.213677988960054,0.157432055005172,0.290018973356558
0.85,39,2.14,8.80648378046833,"Men","3","2013-2014","4","Never",0.206507872430707,0.149577508306321,0.285106376344518
0.9,39,2.14,8.80648378046833,"Men","3","2013-2014","4","Never",0.199513224782495,0.141858986561996,0.280599261476566
0.95,39,2.14,8.80648378046833,"Men","3","2013-2014","4","Never",0.192694621455928,0.134291797653295,0.276496538038055
1,39,2.14,8.80648378046833,"Men","3","2013-2014","4","Never",0.186052239824021,0.126890875374106,0.272796888203979
1.05,39,2.14,8.80648378046833,"Men","3","2013-2014","4","Never",0.179585883515623,0.119670486259721,0.269499110148948
1.1,39,2.14,8.80648378046833,"Men","3","2013-2014","4","Never",0.173295006464005,0.112643982322472,0.26660242869777
1.15,39,2.14,8.80648378046833,"Men","3","2013-2014","4","Never",0.1671787365915,0.10582360182308,0.264106772845023
1.2,39,2.14,8.80648378046833,"Men","3","2013-2014","4","Never",0.161235899049942,0.0992203168293648,0.262013022868611
1.25,39,2.14,8.80648378046833,"Men","3","2013-2014","4","Never",0.155465038945467,0.0928437241279905,0.260323231982775
1.3,39,2.14,8.80648378046833,"Men","3","2013-2014","4","Never",0.149864443484678,0.0867019748659539,0.259040828720402
1.35,39,2.14,8.80648378046833,"Men","3","2013-2014","4","Never",0.144432163487337,0.0808017378546659,0.258170806761034
1.4,39,2.14,8.80648378046833,"Men","3","2013-2014","4","Never",0.139166034218549,0.0751481915254087,0.257719908982375
1.45,39,2.14,8.80648378046833,"Men","3","2013-2014","4","Never",0.134063695500809,0.0697450398760845,0.257696812321939
1.5,39,2.14,8.80648378046833,"Men","3","2013-2014","4","Never",0.129122611073304,0.0645945482427719,0.258112319753757
1.55,39,2.14,8.80648378046833,"Men","3","2013-2014","4","Never",0.124340087172504,0.0596975952625301,0.258979565425976
1.6,39,2.14,8.80648378046833,"Men","3","2013-2014","4","Never",0.119713290314216,0.0550537379036212,0.260314238843227
1.65,39,2.14,8.80648378046833,"Men","3","2013-2014","4","Never",0.115239264263107,0.0506612868933286,0.262134833958415
1.7,39,2.14,8.80648378046833,"Men","3","2013-2014","4","Never",0.110914946181007,0.0465173902596197,0.264462929190047
1.75,39,2.14,8.80648378046833,"Men","3","2013-2014","4","Never",0.106737181950228,0.0426181230212934,0.267323504720841
1.8,39,2.14,8.80648378046833,"Men","3","2013-2014","4","Never",0.102702740672693,0.0389585813190994,0.270745303975208
1.85,39,2.14,8.80648378046833,"Men","3","2013-2014","4","Never",0.098808328349693,0.0355329794877542,0.274761246931894
1.9,39,2.14,8.80648378046833,"Men","3","2013-2014","4","Never",0.0950506007508677,0.0323347487366116,0.279408903922337
1.95,39,2.14,8.80648378046833,"Men","3","2013-2014","4","Never",0.091426175484275,0.0293566362450533,0.284731039820338
2,39,2.14,8.80648378046833,"Men","3","2013-2014","4","Never",0.0879316432823885,0.0265908035961479,0.290776240078029
-2,39,2.14,8.80648378046833,"Women","3","2013-2014","4","Never",0.481788924795785,0.38193103733253,0.607755184488401
-1.95,39,2.14,8.80648378046833,"Women","3","2013-2014","4","Never",0.478539802220247,0.380301310158959,0.602155018117807
-1.9,39,2.14,8.80648378046833,"Women","3","2013-2014","4","Never",0.475203720494022,0.378457329961518,0.596681734224364
-1.85,39,2.14,8.80648378046833,"Women","3","2013-2014","4","Never",0.47177708356174,0.376423455646414,0.591285195530141
-1.8,39,2.14,8.80648378046833,"Women","3","2013-2014","4","Never",0.468256508847893,0.374221618994045,0.585920606799325
-1.75,39,2.14,8.80648378046833,"Women","3","2013-2014","4","Never",0.464638835737268,0.371871177447997,0.580548482291222
-1.7,39,2.14,8.80648378046833,"Women","3","2013-2014","4","Never",0.460921134108277,0.36938887836422,0.575134510839779
-1.65,39,2.14,8.80648378046833,"Women","3","2013-2014","4","Never",0.457100712864551,0.366788911421788,0.569649341064756
-1.6,39,2.14,8.80648378046833,"Women","3","2013-2014","4","Never",0.453175128408403,0.364083026491503,0.564068308778371
-1.55,39,2.14,8.80648378046833,"Women","3","2013-2014","4","Never",0.449142192998191,0.361280696645114,0.558371126396998
-1.5,39,2.14,8.80648378046833,"Women","3","2013-2014","4","Never",0.444999982930148,0.358389309284128,0.552541550983708
-1.45,39,2.14,8.80648378046833,"Women","3","2013-2014","4","Never",0.440746846484082,0.355414371911888,0.546567044097536
-1.4,39,2.14,8.80648378046833,"Women","3","2013-2014","4","Never",0.436381411571284,0.352359722432968,0.540438433343282
-1.35,39,2.14,8.80648378046833,"Women","3","2013-2014","4","Never",0.431902593022302,0.349227736801137,0.534149582642147
-1.3,39,2.14,8.80648378046833,"Women","3","2013-2014","4","Never",0.42730959945175,0.346019529254272,0.527697075876422
-1.25,39,2.14,8.80648378046833,"Women","3","2013-2014","4","Never",0.422601939637186,0.342735142267574,0.521079916706307
-1.2,39,2.14,8.80648378046833,"Women","3","2013-2014","4","Never",0.417779428349277,0.33937372477327,0.514299245966833
-1.15,39,2.14,8.80648378046833,"Women","3","2013-2014","4","Never",0.412842191571015,0.335933698207238,0.507358077057263
-1.1,39,2.14,8.80648378046833,"Women","3","2013-2014","4","Never",0.407790671044672,0.332412910627337,0.50026104905863
-1.05,39,2.14,8.80648378046833,"Women","3","2013-2014","4","Never",0.402625628086488,0.328808779576113,0.493014196886779
-1,39,2.14,8.80648378046833,"Women","3","2013-2014","4","Never",0.397348146610851,0.325118424593023,0.485624737548221
-0.95,39,2.14,8.80648378046833,"Women","3","2013-2014","4","Never",0.391959635307857,0.321338790367989,0.478100871465695
-0.9,39,2.14,8.80648378046833,"Women","3","2013-2014","4","Never",0.386461828920777,0.317466761507159,0.470451597842076
-0.85,39,2.14,8.80648378046833,"Women","3","2013-2014","4","Never",0.380856788572992,0.313499269782073,0.462686543107308
-0.8,39,2.14,8.80648378046833,"Women","3","2013-2014","4","Never",0.375146901097466,0.309433394576013,0.454815801623052
-0.75,39,2.14,8.80648378046833,"Women","3","2013-2014","4","Never",0.36933487732581,0.305266457041788,0.446849787988983
-0.7,39,2.14,8.80648378046833,"Women","3","2013-2014","4","Never",0.363423749298381,0.300996108255427,0.438799100492062
-0.65,39,2.14,8.80648378046833,"Women","3","2013-2014","4","Never",0.357416866361725,0.296620411400397,0.430674395456199
-0.6,39,2.14,8.80648378046833,"Women","3","2013-2014","4","Never",0.351317890124961,0.292137917756952,0.422486272475382
-0.55,39,2.14,8.80648378046833,"Women","3","2013-2014","4","Never",0.345130788252407,0.287547736012142,0.414245170738183
-0.5,39,2.14,8.80648378046833,"Women","3","2013-2014","4","Never",0.338859827075824,0.282849594161099,0.40596127686313
-0.45,39,2.14,8.80648378046833,"Women","3","2013-2014","4","Never",0.332509563016136,0.278043893055158,0.397644444847593
-0.4,39,2.14,8.80648378046833,"Women","3","2013-2014","4","Never",0.326084832811237,0.273131750485505,0.389304128870126
-0.35,39,2.14,8.80648378046833,"Women","3","2013-2014","4","Never",0.319590742553626,0.268115034592,0.380949329758419
-0.3,39,2.14,8.80648378046833,"Women","3","2013-2014","4","Never",0.313032655548902,0.26299638537522,0.372588555923286
-0.25,39,2.14,8.80648378046833,"Women","3","2013-2014","4","Never",0.306416179013737,0.257779223182409,0.36422979944718
-0.2,39,2.14,8.80648378046833,"Women","3","2013-2014","4","Never",0.299747149639639,0.252467743246099,0.355880527792835
-0.15,39,2.14,8.80648378046833,"Women","3","2013-2014","4","Never",0.293031618056611,0.247066895680103,0.347547691261944
-0.0999999999999999,39,2.14,8.80648378046833,"Women","3","2013-2014","4","Never",0.286275832238713,0.2415823507726,0.339237745894403
-0.0499999999999998,39,2.14,8.80648378046833,"Women","3","2013-2014","4","Never",0.279486219901328,0.236020449938838,0.330956690977309
0,39,2.14,8.80648378046833,"Women","3","2013-2014","4","Never",0.272669369947723,0.230388143273173,0.32271011976312
0.0500000000000003,39,2.14,8.80648378046833,"Women","3","2013-2014","4","Never",0.265832013030122,0.224692915229056,0.31450328142126
0.1,39,2.14,8.80648378046833,"Women","3","2013-2014","4","Never",0.258981001297869,0.218942700508268,0.30634115171478
0.15,39,2.14,8.80648378046833,"Women","3","2013-2014","4","Never",0.252123287412442,0.213145792710379,0.298228509450479
0.2,39,2.14,8.80648378046833,"Women","3","2013-2014","4","Never",0.245265902915773,0.207310748639782,0.290170015437133
0.25,39,2.14,8.80648378046833,"Women","3","2013-2014","4","Never",0.238415936044735,0.201446291362942,0.282170290530072
0.3,39,2.14,8.80648378046833,"Women","3","2013-2014","4","Never",0.231580509090474,0.19556121513981,0.274233989353475
0.35,39,2.14,8.80648378046833,"Women","3","2013-2014","4","Never",0.224766755406571,0.18966429522429,0.266365866470831
0.4,39,2.14,8.80648378046833,"Women","3","2013-2014","4","Never",0.217981796174689,0.183764205256669,0.258570832100715
0.45,39,2.14,8.80648378046833,"Women","3","2013-2014","4","Never",0.211232717040376,0.177869444583897,0.250853994921055
0.5,39,2.14,8.80648378046833,"Women","3","2013-2014","4","Never",0.204526544734935,0.171988277374206,0.243220690036896
0.55,39,2.14,8.80648378046833,"Women","3","2013-2014","4","Never",0.19787022380175,0.166128684873301,0.235676490771083
0.6,39,2.14,8.80648378046833,"Women","3","2013-2014","4","Never",0.191270593547127,0.160298331607795,0.228227203545587
0.65,39,2.14,8.80648378046833,"Women","3","2013-2014","4","Never",0.184734365336458,0.154504545798056,0.220878845732276
0.7,39,2.14,8.80648378046833,"Women","3","2013-2014","4","Never",0.178268100356426,0.148754313709133,0.213637606952554
0.75,39,2.14,8.80648378046833,"Women","3","2013-2014","4","Never",0.171878187962907,0.143054287150224,0.206509794889191
0.8,39,2.14,8.80648378046833,"Women","3","2013-2014","4","Never",0.165570824732292,0.137410802831684,0.19950176723813
0.85,39,2.14,8.80648378046833,"Women","3","2013-2014","4","Never",0.159351994331006,0.131829911805866,0.192619851970038
0.9,39,2.14,8.80648378046833,"Women","3","2013-2014","4","Never",0.153227448314201,0.126317416761168,0.185870258582574
0.95,39,2.14,8.80648378046833,"Women","3","2013-2014","4","Never",0.147202687959807,0.120878914523595,0.179258983487669
1,39,2.14,8.80648378046833,"Women","3","2013-2014","4","Never",0.141282947238519,0.115519840774316,0.172791713065104
1.05,39,2.14,8.80648378046833,"Women","3","2013-2014","4","Never",0.135473177013739,0.110245513753081,0.16647372818545
1.1,39,2.14,8.80648378046833,"Women","3","2013-2014","4","Never",0.129778030558203,0.105061173630563,0.160309814116395
1.15,39,2.14,8.80648378046833,"Women","3","2013-2014","4","Never",0.124201850465915,0.0999720143414235,0.154304179632455
1.2,39,2.14,8.80648378046833,"Women","3","2013-2014","4","Never",0.118748657029205,0.0949832050063943,0.148460388816005
1.25,39,2.14,8.80648378046833,"Women","3","2013-2014","4","Never",0.113422138141322,0.0900998986462683,0.142781308456911
1.3,39,2.14,8.80648378046833,"Women","3","2013-2014","4","Never",0.108225640774975,0.0853272266830801,0.137269073148918
1.35,39,2.14,8.80648378046833,"Women","3","2013-2014","4","Never",0.103162164076776,0.0806702786796875,0.131925069197552
1.4,39,2.14,8.80648378046833,"Women","3","2013-2014","4","Never",0.0982343541067295,0.0761340678044489,0.12674993738089
1.45,39,2.14,8.80648378046833,"Women","3","2013-2014","4","Never",0.0934445002407844,0.0717234835201187,0.121743593544235
1.5,39,2.14,8.80648378046833,"Women","3","2013-2014","4","Never",0.0887945332431623,0.0674432338809579,0.116905265067623
1.55,39,2.14,8.80648378046833,"Women","3","2013-2014","4","Never",0.0842860250038278,0.0632977804907743,0.112233540510655
1.6,39,2.14,8.80648378046833,"Women","3","2013-2014","4","Never",0.0799201899251056,0.0592912695692171,0.107726429271487
1.65,39,2.14,8.80648378046833,"Women","3","2013-2014","4","Never",0.0756978879302506,0.055427462674715,0.103381427916504
1.7,39,2.14,8.80648378046833,"Women","3","2013-2014","4","Never",0.0716196290558116,0.0517096704588842,0.0991955899268506
1.75,39,2.14,8.80648378046833,"Women","3","2013-2014","4","Never",0.0676855795790093,0.0481406924286965,0.0951655959193366
1.8,39,2.14,8.80648378046833,"Women","3","2013-2014","4","Never",0.0638955696211781,0.0447227651375067,0.0912878218657128
1.85,39,2.14,8.80648378046833,"Women","3","2013-2014","4","Never",0.060249102158695,0.0414575205879501,0.0875584033837263
1.9,39,2.14,8.80648378046833,"Women","3","2013-2014","4","Never",0.0567453633638181,0.0383459559765115,0.0839732947397152
1.95,39,2.14,8.80648378046833,"Women","3","2013-2014","4","Never",0.053383234189589,0.0353884152954464,0.0805283217332198
2,39,2.14,8.80648378046833,"Women","3","2013-2014","4","Never",0.0501613031054683,0.0325845827697945,0.0772192280936955
