"cycle","stage","n"
"2011-2012","MEC adults 20-59, not pregnant",3575
"2011-2012","Positive fasting weight",1576
"2011-2012","Valid required DXA",1165
"2011-2012","All outcome components",1136
"2011-2012","Primary complete",1067
"2013-2014","MEC adults 20-59, not pregnant",3738
"2013-2014","Positive fasting weight",1599
"2013-2014","Valid required DXA",1277
"2013-2014","All outcome components",1245
"2013-2014","Primary complete",1156
"2015-2016","MEC adults 20-59, not pregnant",3595
"2015-2016","Positive fasting weight",1461
"2015-2016","Valid required DXA",1097
"2015-2016","All outcome components",1079
"2015-2016","Primary complete",997
"2017-2018","MEC adults 20-59, not pregnant",3192
"2017-2018","Positive fasting weight",1414
"2017-2018","Valid required DXA",876
"2017-2018","All outcome components",839
"2017-2018","Primary complete",751
