"analysis","contrast","log_prevalence_ratio","standard_error","prevalence_ratio","ci_low","ci_high","p_value","outcome","p_value_fdr"
"component_high_tg","Men",-0.402643515164167,0.0530544032774257,0.668550384922651,0.600573369660491,0.744221505247384,2.87264007628108e-09,"high_tg",NA
"component_high_tg","Women",-0.499113609223407,0.0443952268260133,0.607068521237655,0.554970838639221,0.664056854557092,5.93109859590053e-14,"high_tg",NA
"component_high_tg","Interaction",-0.0964700940592402,0.0571961830640723,0.908037052896007,0.80890977714339,1.01931181045165,0.0994555732341036,"high_tg",0.198911146468207
"component_low_hdl","Men",-0.426717850278332,0.0487077270611199,0.652647670610814,0.591460818447561,0.720164326475139,7.58591897232164e-11,"low_hdl",NA
"component_low_hdl","Women",-0.348553966347018,0.0310668751760638,0.705707829522648,0.662759921835391,0.751438830625701,6.31518066797583e-14,"low_hdl",NA
"component_low_hdl","Interaction",0.0781638839313134,0.0547015268791904,1.08129985182078,0.968126976869324,1.20770249924091,0.160791626837392,"low_hdl",0.21438883578319
"component_high_bp","Men",-0.267485379408985,0.055954726767617,0.765301519701552,0.683468916608503,0.85693204449412,2.37744836517344e-05,"high_bp",NA
"component_high_bp","Women",-0.330086577973101,0.0482668642269503,0.718861493166628,0.652047707037462,0.792521529913247,3.14673720149482e-08,"high_bp",NA
"component_high_bp","Interaction",-0.0626011985641159,0.0541840522949684,0.93931800037058,0.841885505497836,1.0480264834806,0.254804736036647,"high_bp",0.254804736036647
"component_high_glucose","Men",-0.151659073173149,0.0337803428440961,0.859281182816229,0.802573617669688,0.919995542945873,5.92402753294879e-05,"high_glucose",NA
"component_high_glucose","Women",-0.309596945601814,0.041389815215412,0.73374263482911,0.674860765619588,0.797761970458723,4.05909094437666e-09,"high_glucose",NA
"component_high_glucose","Interaction",-0.157937872428665,0.0489346246364452,0.853902831229614,0.773493170762879,0.942671600400566,0.00249378644853232,"high_glucose",0.00997514579412929
