"analysis","term","estimate","standard_error","statistic","p_value","exponentiated","ci_low","ci_high"
"unadjusted","(Intercept)",-1.09068509407127,0.041893697422933,-26.0345866124056,4.84737007626686e-34,0.335986232664477,0.308969043798261,0.365365886343541
"unadjusted","log_ltr_z",-0.551871993473155,0.0305952004992685,-18.0378616406305,1.0959431452285e-25,0.575870774390392,0.541672963373804,0.612227619284253
"unadjusted","sexWomen",0.0180760045403489,0.0656515012598205,0.275332691461415,0.784022628886601,1.0182403643397,0.892889589216227,1.1611888548065
"unadjusted","log_ltr_z:sexWomen",-0.0562416742993765,0.0392790664054923,-1.43184855054275,0.157463721118756,0.945310650992773,0.873856674611839,1.02260731403959
"measured_only_outcome","(Intercept)",-1.96762005342036,0.185144059752421,-10.6275084172374,3.2433481341664e-13,0.139789151348493,0.0961534278759052,0.203227355138615
"measured_only_outcome","log_ltr_z",-0.385476347952384,0.0422000448298406,-9.1345009112361,2.45783246551242e-11,0.68012658212471,0.624523812257219,0.740679792561893
"measured_only_outcome","sexWomen",-0.478227203643795,0.0895482200624539,-5.34044343159768,3.97959287055099e-06,0.61988134168163,0.517259338980677,0.742863103297924
"measured_only_outcome","splines::ns(RIDAGEYR, df = 3)1",0.480001458543894,0.119820837077529,4.00599319994162,0.00026115407683259,1.61607675931006,1.2684992559278,2.05889288446753
"measured_only_outcome","splines::ns(RIDAGEYR, df = 3)2",1.04234837162235,0.271603236614378,3.83776123074068,0.000431993157788001,2.83586887476464,1.63790461997748,4.91002478213255
"measured_only_outcome","splines::ns(RIDAGEYR, df = 3)3",0.393736663341822,0.0902018983567569,4.36505961088044,8.71957518595018e-05,1.4825100980121,1.23544573799151,1.7789823730186
"measured_only_outcome","race_ethnicity2",0.0609703595928595,0.0700248269726784,0.8706963262708,0.389115642328867,1.06286740989753,0.922604071393278,1.22445495966247
"measured_only_outcome","race_ethnicity3",0.01850277835407,0.0729394978383957,0.253672960500285,0.801047613686651,1.01867501540552,0.879050047807073,1.18047748202748
"measured_only_outcome","race_ethnicity4",0.149399827644409,0.0774455591756883,1.92909482783241,0.0608352110309243,1.16113715114249,0.99290182579436,1.35787793791663
"measured_only_outcome","race_ethnicity6",0.246701385891562,0.094222337282914,2.61828981328293,0.0124196370711396,1.27979689030522,1.05788426679687,1.54826017537267
"measured_only_outcome","race_ethnicity7",0.0720833382081806,0.136275391039547,0.528953449763077,0.599760943301372,1.07474490764658,0.81600116124375,1.41553305482028
"measured_only_outcome","cycle2013-2014",-0.114033427661544,0.0810989917603247,-1.40610166891534,0.167415072528395,0.892228130283952,0.757341803186321,1.05113838047858
"measured_only_outcome","cycle2015-2016",0.0900575352260146,0.0696347583937211,1.29328423481879,0.203332118493386,1.09423723908098,0.950583225412455,1.25960053089727
"measured_only_outcome","cycle2017-2018",0.0717348409584473,0.0794177056655391,0.903260052116746,0.371795583837052,1.07437042725859,0.915052050514129,1.26142749400896
"measured_only_outcome","education2",0.0269048577026272,0.109525056012822,0.24565025284696,0.807209068880692,1.02727006128024,0.823284429116295,1.2817973248145
"measured_only_outcome","education3",-0.037087727643878,0.107251335885698,-0.345802011113444,0.731303700604547,0.963591598020422,0.775807572462753,1.19682869919413
"measured_only_outcome","education4",-0.00133201986172325,0.0958468361523714,-0.0138973795609246,0.988980938842285,0.998668866882969,0.822797054015405,1.21213305372705
"measured_only_outcome","education5",-0.151302157570185,0.111340356104414,-1.35891569655386,0.181786899214196,0.859587928415599,0.686376195763995,1.07651082779083
"measured_only_outcome","INDFMPIR",-0.0429922686225555,0.0178529736243334,-2.40812928575425,0.0207355035609679,0.957918796070175,0.923971109819396,0.99311375660208
"measured_only_outcome","smokingFormer",-0.0788397825235704,0.0671112057691815,-1.17476331441172,0.247035632546412,0.924187983650421,0.806963703404643,1.05844095034289
"measured_only_outcome","smokingNever",-0.224100335537187,0.0582960433069003,-3.84417745742035,0.000423839139619287,0.799234938679283,0.710404300268232,0.899173170776824
"measured_only_outcome","total_fmi",0.0690808782801609,0.00636907078612337,10.8463040528096,1.76215322113863e-13,1.07152286857063,1.05781822224865,1.08540506650484
"measured_only_outcome","log_ltr_z:sexWomen",-0.166315678166256,0.0460284507387718,-3.61332340100165,0.000834989364722712,0.84677888238824,0.771558605343127,0.929332484523062
"single_count_lipid_medication","(Intercept)",-2.12549877447709,0.168208573402346,-12.63609060754,1.5104104785817e-15,0.119373413003982,0.0849696638039094,0.167707050896482
"single_count_lipid_medication","log_ltr_z",-0.375864605651841,0.03807936017055,-9.87055990353875,2.80826939143646e-12,0.686695301411182,0.635828845078284,0.741631086148877
"single_count_lipid_medication","sexWomen",-0.378609381133909,0.0770537282651318,-4.91357640516969,1.55881477508445e-05,0.684813061329132,0.586055505233651,0.80021247949886
"single_count_lipid_medication","splines::ns(RIDAGEYR, df = 3)1",0.575721747116937,0.113066861590707,5.09186988138931,8.83104257202904e-06,1.77841362873008,1.41510692795118,2.23499367601286
"single_count_lipid_medication","splines::ns(RIDAGEYR, df = 3)2",1.41996951441293,0.264815782544982,5.36210304675377,3.71176182300081e-06,4.13699431962843,2.42239532255742,7.06520601376046
"single_count_lipid_medication","splines::ns(RIDAGEYR, df = 3)3",0.670690343387014,0.0696059715888588,9.63552879268142,5.57234586122097e-12,1.95558688122341,1.69895172275247,2.2509880644621
"single_count_lipid_medication","race_ethnicity2",0.0525262606236276,0.0645596896626547,0.813607700069413,0.420686653747271,1.05393023858046,0.925007216980216,1.20082192593101
"single_count_lipid_medication","race_ethnicity3",0.0574381686482707,0.0680911620969813,0.843548074072555,0.403938470007096,1.05911978182237,0.922950935654175,1.21537848753833
"single_count_lipid_medication","race_ethnicity4",0.237680482394803,0.0694287076730976,3.42337471574313,0.00144043479469577,1.26830388265724,1.10225692731033,1.45936459904013
"single_count_lipid_medication","race_ethnicity6",0.249264670297342,0.0769167730157629,3.24070629232274,0.0024044555775938,1.28308158171736,1.09835111985116,1.4988816559548
"single_count_lipid_medication","race_ethnicity7",0.171037344194824,0.120861538579007,1.41515114076607,0.164762798691043,1.18653505839074,0.9293843167578,1.51483667133714
"single_count_lipid_medication","cycle2013-2014",-0.0565338261128512,0.068132563868647,-0.829762200375182,0.411598061695693,0.94503451711026,0.823464470972759,1.0845522423995
"single_count_lipid_medication","cycle2015-2016",0.0643225018227362,0.0686050837710818,0.937576317774999,0.354089065692399,1.06643627095003,0.928361992030928,1.22504618862071
"single_count_lipid_medication","cycle2017-2018",0.0251424170413014,0.0745501751883089,0.337254969257862,0.737688052185965,1.02546115326882,0.882030090472946,1.19221621600185
"single_count_lipid_medication","education2",0.0639602100169027,0.10306987354051,0.620551940347186,0.538414355922363,1.06604997980691,0.865583204071043,1.31294432944315
"single_count_lipid_medication","education3",-0.00776229754079017,0.100762853508133,-0.0770353088518242,0.938979502805338,0.992267751291174,0.809440815442729,1.21638947711565
"single_count_lipid_medication","education4",0.0299257368043164,0.0982411308160168,0.304615150047086,0.762238561940551,1.03037801194824,0.844823968183056,1.25668646663722
"single_count_lipid_medication","education5",-0.147045249885459,0.108799402453614,-1.35152626364975,0.184121200239283,0.86325491434653,0.692853262481003,1.07556547323593
"single_count_lipid_medication","INDFMPIR",-0.0141298058450281,0.0148800443137619,-0.949580898220856,0.348027599010705,0.985969551345143,0.956759239821468,1.01607166747733
"single_count_lipid_medication","smokingFormer",-0.112110548959212,0.0586205694876707,-1.91247799090031,0.0629944599383953,0.89394542730109,0.794067237511047,1.006386347707
"single_count_lipid_medication","smokingNever",-0.183587138144003,0.0555952434731622,-3.3022094458967,0.00202626640829858,0.832279349300241,0.74382512669164,0.931252374267793
"single_count_lipid_medication","total_fmi",0.0653293649478827,0.00565922653797157,11.5438681433839,2.62621866949734e-14,1.06751056705038,1.05537023758493,1.0797905513917
"single_count_lipid_medication","log_ltr_z:sexWomen",-0.0813843357120097,0.0423309438113924,-1.9225731435288,0.061674957059138,0.921839327577302,0.846251768882681,1.00417839833902
"conventional_mets","(Intercept)",-2.91427799560117,0.192324002417404,-15.1529604156025,3.61154475694399e-18,0.0542431807132335,0.0367734447682126,0.0800121574803318
"conventional_mets","log_ltr_z",-0.546537545925641,0.0406378724836854,-13.4489704436436,1.98425432820271e-16,0.578950935003971,0.533300752731487,0.628508741878215
"conventional_mets","sexWomen",-0.153871930201196,0.0875180883850769,-1.75817288791962,0.086368232673139,0.857381818697443,0.718382885869293,1.02327546701423
"conventional_mets","splines::ns(RIDAGEYR, df = 3)1",0.789394503138085,0.142753286023622,5.52978166126039,2.16237093436812e-06,2.20206268046448,1.65017171116468,2.93853058799072
"conventional_mets","splines::ns(RIDAGEYR, df = 3)2",1.5656912574201,0.268426289961813,5.83285362116666,8.11931363397776e-07,4.78598213836504,2.7820317015319,8.23341625335774
"conventional_mets","splines::ns(RIDAGEYR, df = 3)3",0.825453558832809,0.0879418498721556,9.38635655302682,1.16109233053565e-11,2.28291596725058,1.91117158687617,2.72696881290823
"conventional_mets","race_ethnicity2",0.0582855952219556,0.0792416293742143,0.735542614182061,0.466300393557177,1.06001768847144,0.90314901973013,1.24413300056296
"conventional_mets","race_ethnicity3",0.108797217618483,0.0707620733293168,1.53750748811664,0.1320427243291,1.11493623799084,0.966360556654672,1.28635508374685
"conventional_mets","race_ethnicity4",0.178888063524799,0.0781055410475304,2.29033767803923,0.0273514413051763,1.19588687331417,1.02125358405764,1.40038227144614
"conventional_mets","race_ethnicity6",0.0529188019237262,0.0845238766185437,0.626081103243156,0.534818300632061,1.05434403093651,0.888775750003584,1.2507557002618
"conventional_mets","race_ethnicity7",0.150319671874972,0.116590117216512,1.28930028945612,0.20469964431942,1.16220570782937,0.918220478276217,1.47102154576959
"conventional_mets","cycle2013-2014",-0.019719725298145,0.0847544294660191,-0.232668963998529,0.817204907481694,0.98047343670049,0.826120347508544,1.16366599972328
"conventional_mets","cycle2015-2016",0.0547525686024589,0.0925892626421224,0.591349007865949,0.557613912740144,1.0562792256939,0.876010403889453,1.27364446549804
"conventional_mets","cycle2017-2018",-0.0150731155514871,0.0937804323341659,-0.160727725137557,0.873116859228193,0.985039915233405,0.81496473270322,1.19060812777083
"conventional_mets","education2",0.0529562072292421,0.116063749378714,0.456268279395722,0.650664878791976,1.05438346973471,0.833920353698037,1.33313031192948
"conventional_mets","education3",0.0024662250810543,0.113268477332292,0.0217732694844942,0.982737071173027,1.00246926871571,0.797352904620138,1.26035113046735
"conventional_mets","education4",0.0092430723277929,0.0974918979040567,0.0948086202700572,0.924940201050865,1.00928592143821,0.828784256427649,1.22909920562941
"conventional_mets","education5",-0.179373565008568,0.114153379046392,-1.57133819872008,0.123981731358137,0.835793617821929,0.663593079050624,1.05267971237925
"conventional_mets","INDFMPIR",-0.00332049753181342,0.0176270109044446,-0.188375530588466,0.851534742214953,0.996685009223374,0.961802630202593,1.03283249225608
"conventional_mets","smokingFormer",-0.0967469377928511,0.0771263679991923,-1.25439509603077,0.216979182697906,0.907785703321909,0.776759001504397,1.06091449414763
"conventional_mets","smokingNever",-0.161774826414365,0.0708302811061484,-2.2839783195541,0.0277573345568671,0.850632722997271,0.737176327959194,0.981550820326674
"conventional_mets","total_fmi",0.0905145003126945,0.00693177324200404,13.057914209341,5.21608334102034e-16,1.09473738156091,1.07950744105085,1.11018218959213
"conventional_mets","log_ltr_z:sexWomen",0.0834993745981951,0.0485100479159869,1.72127998601043,0.0929270738457978,1.08708453542803,0.985562150508706,1.19906470287725
"bmi_adjusted","(Intercept)",-2.66573341110437,0.171930395454108,-15.5047244791333,1.64309306432463e-18,0.0695483273084177,0.0491333277170357,0.0984458015800486
"bmi_adjusted","log_ltr_z",-0.315825939275374,0.0372064415452305,-8.4884747414352,1.7423942713662e-10,0.729186361828663,0.676364624741346,0.786133293828396
"bmi_adjusted","sexWomen",-0.189207507459493,0.0693958318954086,-2.72649671156996,0.00945534323790753,0.827614752640466,0.719310823112092,0.952225598142298
"bmi_adjusted","splines::ns(RIDAGEYR, df = 3)1",0.635777193590668,0.116788547672864,5.44383166208676,2.85293799323532e-06,1.88848929302908,1.49143498551028,2.39124859248575
"bmi_adjusted","splines::ns(RIDAGEYR, df = 3)2",1.44861891297162,0.25062133288083,5.78011016189288,9.63017148921043e-07,4.25723084687562,2.56534841780736,7.06493291818822
"bmi_adjusted","splines::ns(RIDAGEYR, df = 3)3",0.805092447920951,0.0667630443610782,12.0589535067743,6.70357353213013e-15,2.23690328631949,1.95454865930994,2.56004693897645
"bmi_adjusted","race_ethnicity2",0.0429922269890108,0.064411717841986,0.667459717414753,0.508311225637131,1.04392978034142,0.916504125096597,1.1890719926316
"bmi_adjusted","race_ethnicity3",0.07207504257527,0.0596213072159725,1.20888061568635,0.23380626863567,1.07473599199434,0.952729635235318,1.2123664571458
"bmi_adjusted","race_ethnicity4",0.175041870912184,0.0677061494987394,2.58531717145491,0.0134800776214487,1.19129609622233,1.03894174102877,1.36599227158711
"bmi_adjusted","race_ethnicity6",0.273060342300647,0.0740553288529593,3.68724771775469,0.000673192408086068,1.31397953098046,1.1313243522691,1.52612485037798
"bmi_adjusted","race_ethnicity7",0.155527728217586,0.117339408999475,1.32545177740142,0.192542271408313,1.16827432978296,0.921618363446496,1.48094370052019
"bmi_adjusted","cycle2013-2014",-0.0513586096406196,0.067676330996878,-0.758885845082069,0.452369736585484,0.949937952535929,0.828500716976661,1.08917481322297
"bmi_adjusted","cycle2015-2016",0.0367570982092423,0.0684838319995139,0.536726657023269,0.594429371463022,1.03744099395527,0.903342153972614,1.19144646489233
"bmi_adjusted","cycle2017-2018",-0.00247921017370904,0.076365141493084,-0.0324652076226896,0.974262521501374,0.99752386052967,0.854858844076269,1.16399784504919
"bmi_adjusted","education2",0.0177189381267851,0.0970597320145822,0.182557047696392,0.856067706959861,1.01787684980793,0.836569148715523,1.2384789505634
"bmi_adjusted","education3",-0.0605364226686539,0.0974239679505778,-0.6213709412797,0.53788090106493,0.941259485211708,0.773029856677483,1.14609987033224
"bmi_adjusted","education4",-0.0206934368993369,0.0870933998577201,-0.237600517756141,0.813403783865333,0.979519202990125,0.821424078420575,1.16804205553756
"bmi_adjusted","education5",-0.17914143816384,0.113911518957366,-1.5726367254473,0.123680444300556,0.835987650476501,0.664071665207055,1.05240953403924
"bmi_adjusted","INDFMPIR",-0.0108024838597679,0.0142582126314166,-0.757632400288776,0.45311150894905,0.989255653438279,0.961155178944271,1.01817767754684
"bmi_adjusted","smokingFormer",-0.0904975449936756,0.0578352711574727,-1.56474661884563,0.125520301578543,0.913476576488973,0.812705081829999,1.02674324850421
"bmi_adjusted","smokingNever",-0.186713107738399,0.0559989249189341,-3.33422664825603,0.00185251478273879,0.829681731512654,0.740898858113842,0.929103572056073
"bmi_adjusted","BMXBMI",0.0401860651686209,0.00321641632032406,12.4940496398713,2.17126066989653e-15,1.04100445084227,1.03425922445406,1.04779366821259
"bmi_adjusted","log_ltr_z:sexWomen",-0.102367401387816,0.0396077159011123,-2.58453180292936,0.013506319631637,0.902697838298063,0.8332533167853,0.977929965417656
"minimal_covariates","(Intercept)",-2.1923522124197,0.128662776732994,-17.0395219820987,9.53415771329189e-22,0.111653806020916,0.0861911018893424,0.144638740260701
"minimal_covariates","log_ltr_z",-0.340316167859756,0.0368806040608878,-9.22751068008303,4.01526741121639e-12,0.711545319434309,0.66066368015647,0.766345656369308
"minimal_covariates","sexWomen",-0.385540303219134,0.0773663537610986,-4.98330714162454,8.90046747225184e-06,0.680083085838649,0.582060239983972,0.794613635964132
"minimal_covariates","splines::ns(RIDAGEYR, df = 3)1",0.644671397597831,0.11682227101705,5.51839466897321,1.43038970423085e-06,1.90536082024813,1.50629847767416,2.41014640135748
"minimal_covariates","splines::ns(RIDAGEYR, df = 3)2",1.39806393659178,0.244850184207584,5.70987496340416,7.37795177516327e-07,4.04735643781065,2.47314074908236,6.62359962358202
"minimal_covariates","splines::ns(RIDAGEYR, df = 3)3",0.748118712465609,0.0715254046518819,10.4594824189635,7.36452869970296e-14,2.11302107481146,1.82983931715788,2.44002739515522
"minimal_covariates","race_ethnicity2",0.0304733828669421,0.066966449576829,0.455054479661203,0.651165178761222,1.03094244895124,0.90100386040259,1.17962017673785
"minimal_covariates","race_ethnicity3",0.0340637523881159,0.0600834466805953,0.566940717785373,0.573452295487682,1.03465056607002,0.916852608884987,1.1675832990985
"minimal_covariates","race_ethnicity4",0.210533525629342,0.06770696909437,3.10948087686366,0.00318024807135431,1.2343364344343,1.07715647218083,1.41445228499374
"minimal_covariates","race_ethnicity6",0.130925785240826,0.0699635786398208,1.87134202947,0.0675294523981551,1.13988318201693,0.990225305538271,1.31215962809469
"minimal_covariates","race_ethnicity7",0.165597469518152,0.124539580250155,1.3296774341581,0.190042199859095,1.18009798069555,0.918563860650416,1.51609627125501
"minimal_covariates","cycle2013-2014",-0.0605073084602348,0.0649799037881374,-0.93116956063085,0.356524459317424,0.941286889635464,0.825942588364234,1.07273922071794
"minimal_covariates","cycle2015-2016",0.0335943681721804,0.0677134858385626,0.496125221677017,0.622118344205523,1.03416503138537,0.902462992988137,1.1850871675071
"minimal_covariates","cycle2017-2018",-0.0177470386175176,0.0739771317069101,-0.23989898240215,0.81145179698306,0.982409512597494,0.846563698006058,1.14005414207489
"minimal_covariates","total_fmi",0.0613596868802719,0.0059783309516201,10.2636818498052,1.37333770684533e-13,1.06328129374602,1.05056996037435,1.07614642743768
"minimal_covariates","log_ltr_z:sexWomen",-0.119997667939536,0.0384690980179604,-3.11932626763205,0.00309368759100928,0.886922505071655,0.820872474600082,0.95828713270696
"exclude_2017_2018","(Intercept)",-2.03031091550456,0.171274705984983,-11.8541199871193,5.49414378672493e-12,0.131294693246011,0.0923313893411424,0.186700282510347
"exclude_2017_2018","log_ltr_z",-0.348350018809347,0.039137670651678,-8.90063238330232,2.26077820069593e-09,0.70585177157461,0.651291051483442,0.764983216490088
"exclude_2017_2018","sexWomen",-0.385359646610836,0.0841534036006192,-4.5792520578217,0.000102061956973583,0.680205958440837,0.572158375847839,0.808657472177711
"exclude_2017_2018","splines::ns(RIDAGEYR, df = 3)1",0.6245133925074,0.136539906407624,4.57385250172201,0.000103526938195979,1.86733707610348,1.41036931459311,2.47236501795042
"exclude_2017_2018","splines::ns(RIDAGEYR, df = 3)2",1.52685272669979,0.293184717683124,5.20781826135296,1.94343011021493e-05,4.60366500599599,2.51985890163715,8.41068183367825
"exclude_2017_2018","splines::ns(RIDAGEYR, df = 3)3",0.771940738437851,0.0718185336316551,10.7484892743286,4.61901338387509e-11,2.16396186514564,1.86696782021396,2.5082012143455
"exclude_2017_2018","race_ethnicity2",0.0909124671457473,0.0605936247490779,1.50036356996667,0.145567051260566,1.09517313743211,0.9669200045679,1.24043788036932
"exclude_2017_2018","race_ethnicity3",0.0540791045820579,0.0668907808911198,0.8084687285993,0.426156905116558,1.05556809912586,0.919967565259313,1.21115575588592
"exclude_2017_2018","race_ethnicity4",0.200448400080387,0.0730521895413107,2.74390680606546,0.0108546075712129,1.2219505580627,1.05157335284338,1.41993248717489
"exclude_2017_2018","race_ethnicity6",0.143369634014609,0.0833884560848644,1.71929833871371,0.0974455475785692,1.15415633827074,0.972351618692265,1.36995385986198
"exclude_2017_2018","race_ethnicity7",0.291049181688174,0.132780522473745,2.19195689447391,0.0375330262486132,1.3378303790886,1.018279979064,1.75766013278344
"exclude_2017_2018","cycle2013-2014",-0.055904222717523,0.0660325950563634,-0.8466155641741,0.404934821891794,0.945629701396297,0.825607198015877,1.08310045541252
"exclude_2017_2018","cycle2015-2016",0.0339259397345679,0.0688318495143557,0.492881420068368,0.626233403792387,1.03450798795477,0.898022681450953,1.19173691182618
"exclude_2017_2018","education2",-0.0314850374609578,0.107626301633925,-0.292540364046416,0.772195398733649,0.969005455127225,0.776689929928256,1.208940062031
"exclude_2017_2018","education3",-0.0808080054234272,0.102895036909944,-0.785344054000899,0.439350202572554,0.922370764629917,0.746535742619356,1.13962102398326
"exclude_2017_2018","education4",-0.0508366616291049,0.0966604123103938,-0.525930527441362,0.603394000940684,0.950433900179502,0.779170813249148,1.15934090863023
"exclude_2017_2018","education5",-0.220558862271041,0.11788205482934,-1.87101304426996,0.0726384328566653,0.802070425785312,0.629475153645219,1.0219894529499
"exclude_2017_2018","INDFMPIR",-0.00267301678812481,0.0157609445472478,-0.169597499700079,0.866639379613187,0.99733055254025,0.965537727483292,1.03017023852903
"exclude_2017_2018","smokingFormer",-0.124698579695589,0.0669066377911346,-1.86376993094267,0.0736850546923443,0.882762945162917,0.769336254271649,1.01291264128773
"exclude_2017_2018","smokingNever",-0.209735184615071,0.0600427773398387,-3.49309598768194,0.00172621678266572,0.810798929573807,0.716659188657059,0.917304786714475
"exclude_2017_2018","total_fmi",0.063084487550299,0.00651120130776073,9.68860960804704,4.07967159888138e-10,1.06511682454122,1.05095631050856,1.07946813637933
"exclude_2017_2018","log_ltr_z:sexWomen",-0.0764656035700199,0.0479252248689448,-1.59551893140034,0.122681206175442,0.926384778069972,0.839476064788231,1.02229091815291
"android_gynoid","(Intercept)",-2.0367978545305,0.165360413098734,-12.317324421017,3.42242026024194e-15,0.130445749078011,0.0933869452523474,0.182210622764704
"android_gynoid","scale(log(ag_ratio))",0.390270222906101,0.0374367842108947,10.4247795619295,5.73984748282608e-13,1.47737996185476,1.36972180838171,1.59349989051332
"android_gynoid","sexWomen",-0.176924225876767,0.0847744373732865,-2.08699970602834,0.0433053066025381,0.837843268956837,0.705915487334756,0.994426890939407
"android_gynoid","splines::ns(RIDAGEYR, df = 3)1",0.715171771792671,0.113871842352819,6.28049706596292,1.90632945529562e-07,2.04453784602868,1.6242208007727,2.57362484328173
"android_gynoid","splines::ns(RIDAGEYR, df = 3)2",1.65543240960991,0.261412044474592,6.33265545563187,1.61035021329157e-07,5.23534324553195,3.08668889013761,8.8796830111748
"android_gynoid","splines::ns(RIDAGEYR, df = 3)3",0.890860464242738,0.065045814107001,13.6958922948872,1.08794225381717e-16,2.43722589502329,2.13698930171676,2.7796442680364
"android_gynoid","race_ethnicity2",0.012463642332884,0.0602802769370873,0.206761530739016,0.837245025489226,1.01254163721961,0.89640107133297,1.1437297431816
"android_gynoid","race_ethnicity3",0.0643564959052634,0.0602938294965773,1.06738113074932,0.2921996967012,1.06647252408883,0.944120116309801,1.20468108346416
"android_gynoid","race_ethnicity4",0.0677984457393021,0.0650115891219653,1.04286707423977,0.303271993533148,1.07014959353021,0.938385083802996,1.22041598092293
"android_gynoid","race_ethnicity6",0.197505182036735,0.0703494597795525,2.80748683295705,0.0076810112761604,1.21835937853634,1.05688258784464,1.40450755111282
"android_gynoid","race_ethnicity7",0.134069959266662,0.125234569390636,1.07055072668047,0.29078891392012,1.14347281336593,0.887773579143629,1.47281931522256
"android_gynoid","cycle2013-2014",-0.0475192498083329,0.0621843418942397,-0.764167447315781,0.449251985963322,0.953592116490476,0.840970671591791,1.08129564484287
"android_gynoid","cycle2015-2016",0.0670818006297197,0.0662429801928786,1.01266278229631,0.317307885237002,1.06938295079568,0.935382019232767,1.22258058412378
"android_gynoid","cycle2017-2018",0.0398557353285472,0.0736347886567872,0.541262303533121,0.591328834086144,1.04066063279831,0.896761154449974,1.20765105321765
"android_gynoid","education2",0.0487656237244213,0.0957383510478478,0.509363522461854,0.613296156624165,1.04997423284891,0.865256917683923,1.27412548471456
"android_gynoid","education3",-0.0614931876599742,0.0973181513455699,-0.631877885160562,0.531061736692998,0.940359351765259,0.772455784783435,1.14475899834227
"android_gynoid","education4",-0.024819014074522,0.085486113391592,-0.290328020421655,0.773065202675966,0.975486445369932,0.82070389856674,1.15946056398937
"android_gynoid","education5",-0.177643095733868,0.107955072480349,-1.64552801135124,0.107697651762999,0.837241185121697,0.673122169575135,1.04137530116773
"android_gynoid","INDFMPIR",-0.0203833900329587,0.0140431348817878,-1.45148431632551,0.154443496531983,0.979822946934566,0.952404323928804,1.00803092050147
"android_gynoid","smokingFormer",-0.129269727560228,0.057128635779236,-2.26278337994573,0.0291493143906621,0.878736914013455,0.782915108278198,0.986286451602756
"android_gynoid","smokingNever",-0.240006726936727,0.0537497816142139,-4.46525957369207,6.3897919010534e-05,0.786622569488503,0.705647761209368,0.876889435273219
"android_gynoid","total_fmi",0.0524917559854891,0.00640026494122431,8.20149735480293,4.22328657662335e-10,1.05389387372634,1.04034910844424,1.0676149842997
"android_gynoid","scale(log(ag_ratio)):sexWomen",0.0700231661143142,0.0575662688447281,1.21639229916369,0.230964810117155,1.07253302738914,0.954733912327838,1.2048666963508
"visceral_adipose_tissue","(Intercept)",-1.7102294394468,0.158582799710704,-10.7844573469929,2.09248661169961e-13,0.180824299629965,0.131238731915541,0.249144645482477
"visceral_adipose_tissue","scale(vat_kg)",0.243146002791177,0.0290233129778724,8.37761019827589,2.45031751506533e-10,1.27525480128738,1.20260218820859,1.35229656502542
"visceral_adipose_tissue","sexWomen",-0.502861944726187,0.0765198796657158,-6.57165101308295,7.43976748854602e-08,0.60479728408555,0.518137623080198,0.705950964654502
"visceral_adipose_tissue","splines::ns(RIDAGEYR, df = 3)1",0.652085887881627,0.1163947383369,5.60236568421324,1.71068202636113e-06,1.9195406025052,1.51716482539287,2.42863271214574
"visceral_adipose_tissue","splines::ns(RIDAGEYR, df = 3)2",1.67212969586857,0.250281782152221,6.68098845025637,5.22914778794046e-08,5.3234931544947,3.21006551091599,8.82834922514252
"visceral_adipose_tissue","splines::ns(RIDAGEYR, df = 3)3",0.743501120146083,0.0701389490068117,10.6004029241139,3.49949270576063e-13,2.10328649737725,1.82530120345695,2.42360772110991
"visceral_adipose_tissue","race_ethnicity2",-0.0216963333340288,0.0592925993023951,-0.365919753717938,0.71635315757257,0.978537339109923,0.868028139028723,1.10311553390857
"visceral_adipose_tissue","race_ethnicity3",-0.012922339656531,0.0652602763747469,-0.198012334215786,0.844038323541414,0.987160795289939,0.865179500800653,1.12634018126372
"visceral_adipose_tissue","race_ethnicity4",0.0926369093561147,0.0634657747604813,1.45963568089612,0.152199819235654,1.09706332951306,0.964995147513692,1.24720621866672
"visceral_adipose_tissue","race_ethnicity6",0.222223757141624,0.073155089414811,3.03770740927606,0.00418508003851752,1.24885078588551,1.07720724343427,1.44784422395321
"visceral_adipose_tissue","race_ethnicity7",0.105987487882354,0.136518116033832,0.776362075316718,0.442101965008493,1.11180796534744,0.843727320330801,1.46506687886481
"visceral_adipose_tissue","cycle2013-2014",-0.0595859916133883,0.0672292053991767,-0.886311109280461,0.380747672139998,0.942154512721112,0.822455184994837,1.07927476418831
"visceral_adipose_tissue","cycle2015-2016",0.0448269037720009,0.0643958764062637,0.69611450722706,0.490382419797743,1.04584681210158,0.918216555200772,1.19121741836149
"visceral_adipose_tissue","cycle2017-2018",0.0407074703692017,0.0750554981945649,0.542364934593819,0.590576250092109,1.04154737750686,0.894951859932323,1.21215563446447
"visceral_adipose_tissue","education2",0.0404977658106987,0.106319158963525,0.38090750722165,0.705287493071597,1.04132898317385,0.839976578821762,1.29094796038113
"visceral_adipose_tissue","education3",-0.0790363240324136,0.104504615238133,-0.756295057900698,0.453903716067612,0.924006360198518,0.748077998732565,1.14130846667573
"visceral_adipose_tissue","education4",-0.0136326574647967,0.0929943512285459,-0.146596618877341,0.884186783036674,0.986459846375143,0.817437156318658,1.19043160809188
"visceral_adipose_tissue","education5",-0.193179393894873,0.111352725860542,-1.7348420741564,0.0904692875352895,0.824334080372531,0.658209737942102,1.03238623935916
"visceral_adipose_tissue","INDFMPIR",-0.00959967319211075,0.0138279266385997,-0.69422361305519,0.491554549628656,0.990446256582814,0.963149191583878,1.01851696056112
"visceral_adipose_tissue","smokingFormer",-0.0975045984879776,0.0591683360034974,-1.64791855025658,0.107203634933916,0.90709817026618,0.804858924274471,1.02232461576043
"visceral_adipose_tissue","smokingNever",-0.161103364197999,0.0561347260631572,-2.86994121992759,0.0065298376732897,0.851204082532471,0.759909541151958,0.953466631069789
"visceral_adipose_tissue","total_fmi",0.0341764800843845,0.00733454922369429,4.65965651631013,3.47854824388487e-05,1.03476720641895,1.0195412825491,1.05022051564499
"visceral_adipose_tissue","scale(vat_kg):sexWomen",0.0881743491409779,0.0362497070064509,2.43241549856628,0.0195662642772817,1.09217852581712,1.01502268135275,1.17519928782901
"leg_and_trunk_components","(Intercept)",-1.45483246579805,0.165268449827448,-8.8028445073273,8.31930613736671e-11,0.233439469720542,0.167107249748689,0.326101866348473
"leg_and_trunk_components","scale(leg_fmi)",-0.274201739480024,0.0729479853893238,-3.75886651312723,0.000559010340047034,0.760178701734641,0.655896047243983,0.881041532418331
"leg_and_trunk_components","sexWomen",-0.467739243422182,0.0808664315733144,-5.78409649494827,1.03312481074549e-06,0.626416844675821,0.531896136788461,0.737734373599466
"leg_and_trunk_components","scale(trunk_fmi)",0.55488016231936,0.0581804045831436,9.53723450868066,9.62091017533519e-12,1.74173224711422,1.54836445924506,1.95924880768489
"leg_and_trunk_components","splines::ns(RIDAGEYR, df = 3)1",0.756521083294095,0.117441908333571,6.44166204405795,1.26273027040976e-07,2.13085026026965,1.68030008867655,2.70220948168103
"leg_and_trunk_components","splines::ns(RIDAGEYR, df = 3)2",1.75107000422366,0.256394739617723,6.82958631224046,3.67582727102651e-08,5.76076342059809,3.42966535560184,9.67627793011818
"leg_and_trunk_components","splines::ns(RIDAGEYR, df = 3)3",0.874265710523909,0.0650422383526156,13.4415071293245,3.19800024856419e-16,2.39711447164005,2.10161346331307,2.7341649120803
"leg_and_trunk_components","race_ethnicity2",0.0193243248597443,0.0617109763904994,0.313142426032322,0.755841025522542,1.01951224817058,0.899876356509266,1.15505337666811
"leg_and_trunk_components","race_ethnicity3",0.0356524455286945,0.0651080093754915,0.547589242409169,0.58709439431647,1.03629561471998,0.908426829893874,1.18216301604975
"leg_and_trunk_components","race_ethnicity4",0.141150483974588,0.068918428610276,2.04808041652798,0.0473271785596234,1.15159793198012,1.00175133600207,1.32385927453172
"leg_and_trunk_components","race_ethnicity6",0.229851432855042,0.0751180624709743,3.05986902875533,0.00399377869769886,1.2584130372087,1.08102623760147,1.46490743437501
"leg_and_trunk_components","race_ethnicity7",0.124397659205691,0.128966361129501,0.964574468227238,0.340701293072043,1.13246611704758,0.872439970980336,1.46999168873444
"leg_and_trunk_components","cycle2013-2014",-0.0571930083069935,0.0690576913355829,-0.828191722035226,0.412601573371456,0.944411772457374,0.82129298177987,1.08598711512567
"leg_and_trunk_components","cycle2015-2016",0.0481496333836593,0.0697853511829157,0.689967630276064,0.494300100192917,1.04932765802579,0.911189342706819,1.2084080468138
"leg_and_trunk_components","cycle2017-2018",-2.41083439835561e-05,0.0758745274419999,-0.000317739626147722,0.999748100213136,0.99997589194662,0.85770520190003,1.16584554023841
"leg_and_trunk_components","education2",0.0214293717623171,0.102581395386874,0.208901152899108,0.835612702621526,1.02166062969934,0.830222879059655,1.25724124040027
"leg_and_trunk_components","education3",-0.0696202992729126,0.101258027099928,-0.6875533848216,0.495802969303036,0.932747917738646,0.760002169372167,1.1447581508412
"leg_and_trunk_components","education4",-0.0232774713776974,0.091768354803162,-0.253654665899005,0.801094845882747,0.976991359021951,0.811479228010427,1.1762619210153
"leg_and_trunk_components","education5",-0.203170471075834,0.114398666680227,-1.77598635518844,0.0835380953580139,0.816139101455621,0.647547185027461,1.02862470616182
"leg_and_trunk_components","INDFMPIR",-0.0109493598532787,0.015063213845731,-0.726894005848685,0.471631768423311,0.989110366201209,0.959428402678924,1.01971060455888
"leg_and_trunk_components","smokingFormer",-0.0875218976892293,0.0608559249339564,-1.438182030496,0.158359129389512,0.916198808794426,0.810086194119718,1.03621103942956
"leg_and_trunk_components","smokingNever",-0.18194542792113,0.059067813872757,-3.08028037592646,0.00378051939113682,0.833646833015132,0.739766000221228,0.939441718041015
"leg_and_trunk_components","scale(leg_fmi):sexWomen",0.00371699117776198,0.0750910628932325,0.0494997811263764,0.960773655435284,1.00372390775644,0.862285359228799,1.16836227383345
"leg_and_trunk_components","sexWomen:scale(trunk_fmi)",0.036873401578207,0.0638079526075874,0.577880970495555,0.566666353537795,1.0375616588547,0.911931533368033,1.18049892621802
