"analysis","contrast","log_prevalence_ratio","standard_error","prevalence_ratio","ci_low","ci_high","p_value","exposure"
"unadjusted","Men",-0.551871993473155,0.0305952004992685,0.575870774390392,0.541672963373804,0.612227619284253,1.0959431452285e-25,"log_ltr_z"
"unadjusted","Women",-0.608113667772532,0.0371860716643723,0.544376776626694,0.505340497063086,0.586428510386086,1.37963155131485e-23,"log_ltr_z"
"unadjusted","Interaction",-0.0562416742993765,0.0392790664054923,0.945310650992773,0.873856674611839,1.02260731403959,0.157463721118756,"log_ltr_z"
"measured_only_outcome","Men",-0.385476347952384,0.0422000448298406,0.68012658212471,0.624523812257219,0.740679792561893,2.45783246551242e-11,"log_ltr_z"
"measured_only_outcome","Women",-0.55179202611864,0.0342002229220617,0.575916827094095,0.53745338140615,0.617132951814999,4.14407137630353e-19,"log_ltr_z"
"measured_only_outcome","Interaction",-0.166315678166256,0.0460284507387718,0.84677888238824,0.771558605343127,0.929332484523062,0.000834989364722712,"log_ltr_z"
"single_count_lipid_medication","Men",-0.375864605651841,0.03807936017055,0.686695301411182,0.635828845078284,0.741631086148877,2.80826939143646e-12,"log_ltr_z"
"single_count_lipid_medication","Women",-0.457248941363851,0.035294188083999,0.633022734903377,0.58944070086461,0.679827134971788,6.7412457893091e-16,"log_ltr_z"
"single_count_lipid_medication","Interaction",-0.0813843357120097,0.0423309438113924,0.921839327577302,0.846251768882681,1.00417839833902,0.061674957059138,"log_ltr_z"
"conventional_mets","Men",-0.546537545925641,0.0406378724836854,0.578950935003971,0.533300752731487,0.628508741878215,1.98425432820271e-16,"log_ltr_z"
"conventional_mets","Women",-0.463038171327446,0.0407688240421194,0.629368608214418,0.579589584823529,0.68342298650235,4.33860585299759e-14,"log_ltr_z"
"conventional_mets","Interaction",0.0834993745981951,0.0485100479159869,1.08708453542803,0.985562150508706,1.19906470287725,0.0929270738457978,"log_ltr_z"
"bmi_adjusted","Men",-0.315825939275374,0.0372064415452305,0.729186361828663,0.676364624741346,0.786133293828396,1.7423942713662e-10,"log_ltr_z"
"bmi_adjusted","Women",-0.41819334066319,0.0353050479473538,0.658234952539163,0.612903667768391,0.706919007879004,1.17676224373286e-14,"log_ltr_z"
"bmi_adjusted","Interaction",-0.102367401387816,0.0396077159011123,0.902697838298063,0.8332533167853,0.977929965417656,0.013506319631637,"log_ltr_z"
"minimal_covariates","Men",-0.340316167859756,0.0368806040608878,0.711545319434309,0.66066368015647,0.766345656369308,4.01526741121639e-12,"log_ltr_z"
"minimal_covariates","Women",-0.460313835799292,0.0376317693548507,0.631085557184688,0.585072685463015,0.68071709786268,3.2661941980601e-16,"log_ltr_z"
"minimal_covariates","Interaction",-0.119997667939536,0.0384690980179604,0.886922505071655,0.820872474600082,0.95828713270696,0.00309368759100928,"log_ltr_z"
"exclude_2017_2018","Men",-0.348350018809347,0.039137670651678,0.70585177157461,0.651291051483442,0.764983216490088,2.26077820069593e-09,"log_ltr_z"
"exclude_2017_2018","Women",-0.424815622379366,0.0390298766317238,0.653890336760442,0.603479816679574,0.708511802202839,3.52843009375758e-11,"log_ltr_z"
"exclude_2017_2018","Interaction",-0.0764656035700199,0.0479252248689448,0.926384778069972,0.839476064788231,1.02229091815291,0.122681206175442,"log_ltr_z"
"android_gynoid","Men",0.390270222906101,0.0374367842108947,1.47737996185476,1.36972180838171,1.59349989051332,5.73984748282608e-13,"scale(log(ag_ratio))"
"android_gynoid","Women",0.460293389020415,0.0509295090450494,1.58453880309213,1.42955186158376,1.75632887898382,3.28421810956696e-11,"scale(log(ag_ratio))"
"android_gynoid","Interaction",0.0700231661143142,0.0575662688447281,1.07253302738914,0.954733912327838,1.2048666963508,0.230964810117155,"scale(log(ag_ratio))"
"visceral_adipose_tissue","Men",0.243146002791177,0.0290233129778724,1.27525480128738,1.20260218820859,1.35229656502542,2.45031751506533e-10,"scale(vat_kg)"
"visceral_adipose_tissue","Women",0.331320351932155,0.0302887863880266,1.39280590891126,1.3101012589852,1.48073157444392,1.36443434386711e-13,"scale(vat_kg)"
"visceral_adipose_tissue","Interaction",0.0881743491409779,0.0362497070064509,1.09217852581712,1.01502268135275,1.17519928782901,0.0195662642772817,"scale(vat_kg)"
"leg_and_trunk_components","Men",-0.274201739480024,0.0729479853893238,0.760178701734641,0.655896047243983,0.881041532418331,0.000559010340047034,"scale(leg_fmi)"
"leg_and_trunk_components","Women",-0.270484748302262,0.0443185257657357,0.763009537098308,0.697587428265587,0.834567152608324,3.72294522861081e-07,"scale(leg_fmi)"
"leg_and_trunk_components","Interaction",0.00371699117776198,0.0750910628932325,1.00372390775644,0.862285359228799,1.16836227383345,0.960773655435284,"scale(leg_fmi)"
"leg_and_trunk_components","Men",0.55488016231936,0.0581804045831436,1.74173224711422,1.54836445924506,1.95924880768489,9.62091017533519e-12,"scale(trunk_fmi)"
"leg_and_trunk_components","Women",0.591753563897567,0.0386498939874071,1.80715459959655,1.67125823065049,1.95410121963727,4.39567227098981e-18,"scale(trunk_fmi)"
"leg_and_trunk_components","Interaction",0.036873401578207,0.0638079526075874,1.0375616588547,0.911931533368033,1.18049892621802,0.566666353537795,"scale(trunk_fmi)"
