feature,gain_importance
vat_kg,0.24753371
log_leg_trunk_ratio,0.13433306
BMXWAIST,0.06942735
RIDAGEYR,0.06916127
smoking_Never,0.04301246
BMXBMI,0.04217607
ag_ratio,0.033943444
cycle_2011-2012,0.033189602
education_5.0,0.032143615
sex_Men,0.030127307
smoking_Current,0.029609032
race_ethnicity_4,0.029050415
education_3.0,0.028355977
total_fmi,0.026243875
INDFMPIR,0.023996174
race_ethnicity_3,0.02312689
race_ethnicity_7,0.022830911
cycle_2015-2016,0.020087417
race_ethnicity_1,0.019974068
education_2.0,0.019115333
cycle_2013-2014,0.0180845
education_4.0,0.004477618
race_ethnicity_6,0.0
race_ethnicity_2,0.0
education_1.0,0.0
sex_Women,0.0
smoking_Former,0.0
