Panel,Model,ROC AUC (95% CI),Average precision,Log loss,Brier score,Calibration slope
Base,Penalized logistic,0.691 (0.638–0.753),0.541,0.621,0.216,0.754
Base,Spline logistic,0.683 (0.629–0.746),0.531,0.630,0.219,0.697
Base,XGBoost,0.688 (0.636–0.751),0.546,0.625,0.217,0.733
+ BMI,Penalized logistic,0.766 (0.724–0.810),0.670,0.556,0.190,0.923
+ BMI,Spline logistic,0.763 (0.717–0.810),0.665,0.560,0.192,0.882
+ BMI,XGBoost,0.768 (0.722–0.815),0.666,0.557,0.189,0.944
+ Waist,Penalized logistic,0.779 (0.732–0.827),0.679,0.547,0.186,0.917
+ Waist,Spline logistic,0.776 (0.728–0.823),0.676,0.549,0.187,0.891
+ Waist,XGBoost,0.777 (0.727–0.831),0.673,0.549,0.186,0.916
+ DXA,Penalized logistic,0.811 (0.760–0.868),0.720,0.514,0.170,0.956
+ DXA,Spline logistic,0.812 (0.761–0.869),0.721,0.515,0.170,0.939
+ DXA,XGBoost,0.807 (0.756–0.867),0.717,0.519,0.172,0.961
