characteristic,Men,Women,statistic
"Unweighted sample, n",2008,1963,unweighted n
"Age, years",38.7 (11.6),39.3 (11.8),weighted mean (weighted SD)
"Body mass index, kg/m²",28.3 (5.6),28.7 (7.3),weighted mean (weighted SD)
"Waist circumference, cm",98.8 (14.8),95.2 (16.7),weighted mean (weighted SD)
Poverty-income ratio,2.9 (1.6),2.8 (1.7),weighted mean (weighted SD)
"Total fat-mass index, kg/m²",8.0 (3.2),11.5 (4.5),weighted mean (weighted SD)
Leg-to-trunk fat-mass ratio,0.7 (0.2),0.9 (0.3),weighted mean (weighted SD)
"Metabolic dysfunction, n (weighted %)",944 (46.2%),699 (32.5%),unweighted n (weighted %)
Ethnicity,,,weighted %
  Mexican American,11.2%,9.5%,weighted %
  Other Hispanic,7.3%,7.0%,weighted %
  Non-Hispanic White,61.4%,62.2%,weighted %
  Non-Hispanic Black,10.6%,11.2%,weighted %
  Non-Hispanic Asian,6.1%,6.2%,weighted %
  Other or multiracial,3.4%,4.0%,weighted %
Education,,,weighted %
  Less than ninth grade,4.4%,3.3%,weighted %
  Ninth to eleventh grade,9.7%,8.5%,weighted %
  High school graduate or GED,24.1%,18.0%,weighted %
  Some college or associate degree,29.9%,35.0%,weighted %
  College graduate or above,31.9%,35.1%,weighted %
Smoking status,,,weighted %
  Never,52.0%,65.6%,weighted %
  Former,23.9%,16.2%,weighted %
  Current,24.1%,18.1%,weighted %
