Outcome,Contrast,PR or ratio,95% CI,p,FDR-adjusted p
Elevated triglycerides,Male,0.67,0.60 to 0.74,<0.001,—
Elevated triglycerides,Female,0.61,0.55 to 0.66,<0.001,—
Elevated triglycerides,Female-to-male ratio,0.91,0.81 to 1.02,0.099,0.199
Reduced HDL cholesterol,Male,0.65,0.59 to 0.72,<0.001,—
Reduced HDL cholesterol,Female,0.71,0.66 to 0.75,<0.001,—
Reduced HDL cholesterol,Female-to-male ratio,1.08,0.97 to 1.21,0.161,0.214
Elevated blood pressure,Male,0.77,0.68 to 0.86,<0.001,—
Elevated blood pressure,Female,0.72,0.65 to 0.79,<0.001,—
Elevated blood pressure,Female-to-male ratio,0.94,0.84 to 1.05,0.255,0.255
Elevated fasting glucose,Male,0.86,0.80 to 0.92,<0.001,—
Elevated fasting glucose,Female,0.73,0.67 to 0.80,<0.001,—
Elevated fasting glucose,Female-to-male ratio,0.85,0.77 to 0.94,0.002,0.010
