"cycle","begin_year","suffix","component","file","url","download_status","bytes","md5"
"2011-2012","2011","G","DEMO","DEMO_G.xpt","https://wwwn.cdc.gov/Nchs/Data/Nhanes/Public/2011/DataFiles/DEMO_G.xpt","downloaded",3753760,"f4b048688d73dd5ef8d167526e888b56"
"2013-2014","2013","H","DEMO","DEMO_H.xpt","https://wwwn.cdc.gov/Nchs/Data/Nhanes/Public/2013/DataFiles/DEMO_H.xpt","downloaded",3833200,"fe59a58ba1a5cc4814d7e6db4ebe820e"
"2015-2016","2015","I","DEMO","DEMO_I.xpt","https://wwwn.cdc.gov/Nchs/Data/Nhanes/Public/2015/DataFiles/DEMO_I.xpt","downloaded",3756480,"7c3bcc3d4dd0adf238b33016b9692ef0"
"2017-2018","2017","J","DEMO","DEMO_J.xpt","https://wwwn.cdc.gov/Nchs/Data/Nhanes/Public/2017/DataFiles/DEMO_J.xpt","downloaded",3412720,"3d5e48e4255b2ec80578a0eb45480d4c"
"2011-2012","2011","G","DXX","DXX_G.xpt","https://wwwn.cdc.gov/Nchs/Data/Nhanes/Public/2011/DataFiles/DXX_G.xpt","downloaded",4248640,"7e0574927daaa4e539a1627899fa0f5f"
"2013-2014","2013","H","DXX","DXX_H.xpt","https://wwwn.cdc.gov/Nchs/Data/Nhanes/Public/2013/DataFiles/DXX_H.xpt","downloaded",4502320,"35b1124157cfd9951654137c1745998e"
"2015-2016","2015","I","DXX","DXX_I.xpt","https://wwwn.cdc.gov/Nchs/Data/Nhanes/Public/2015/DataFiles/DXX_I.xpt","downloaded",4314080,"949086325613998fda20367907decb6c"
"2017-2018","2017","J","DXX","DXX_J.xpt","https://wwwn.cdc.gov/Nchs/Data/Nhanes/Public/2017/DataFiles/DXX_J.xpt","downloaded",3818640,"e5f5314fec2c12b3767877d805cd4e1d"
"2011-2012","2011","G","DXXAG","DXXAG_G.xpt","https://wwwn.cdc.gov/Nchs/Data/Nhanes/Public/2011/DataFiles/DXXAG_G.xpt","downloaded",1051360,"24ad83cee53c3d93f7998166a65b6eb6"
"2013-2014","2013","H","DXXAG","DXXAG_H.xpt","https://wwwn.cdc.gov/Nchs/Data/Nhanes/Public/2013/DataFiles/DXXAG_H.xpt","downloaded",1114080,"97064f074317b75b89b6b6d7bd28e07c"
"2015-2016","2015","I","DXXAG","DXXAG_I.xpt","https://wwwn.cdc.gov/Nchs/Data/Nhanes/Public/2015/DataFiles/DXXAG_I.xpt","downloaded",1067520,"b2f1fc6fe784cedcf256b9d44450570f"
"2017-2018","2017","J","DXXAG","DXXAG_J.xpt","https://wwwn.cdc.gov/Nchs/Data/Nhanes/Public/2017/DataFiles/DXXAG_J.xpt","downloaded",945040,"a153f45274dd1514765651a83f9db8bd"
"2011-2012","2011","G","BMX","BMX_G.xpt","https://wwwn.cdc.gov/Nchs/Data/Nhanes/Public/2011/DataFiles/BMX_G.xpt","downloaded",1946720,"b00e503455cf22a080b1de168673c74e"
"2013-2014","2013","H","BMX","BMX_H.xpt","https://wwwn.cdc.gov/Nchs/Data/Nhanes/Public/2013/DataFiles/BMX_H.xpt","downloaded",2045520,"c5bc2b552c8cd33f10557fd16b747920"
"2015-2016","2015","I","BMX","BMX_I.xpt","https://wwwn.cdc.gov/Nchs/Data/Nhanes/Public/2015/DataFiles/BMX_I.xpt","downloaded",1989600,"d40ac66541b94ed27ec609e55211871a"
"2017-2018","2017","J","BMX","BMX_J.xpt","https://wwwn.cdc.gov/Nchs/Data/Nhanes/Public/2017/DataFiles/BMX_J.xpt","downloaded",1466000,"4c51e08c3b105005a326da3a4fc6b223"
"2011-2012","2011","G","BPX","BPX_G.xpt","https://wwwn.cdc.gov/Nchs/Data/Nhanes/Public/2011/DataFiles/BPX_G.xpt","downloaded",2021600,"58578da834609248e9c248495291a5b1"
"2013-2014","2013","H","BPX","BPX_H.xpt","https://wwwn.cdc.gov/Nchs/Data/Nhanes/Public/2013/DataFiles/BPX_H.xpt","downloaded",1809600,"11381ab93e54c38b16ebd5955c2832d4"
"2015-2016","2015","I","BPX","BPX_I.xpt","https://wwwn.cdc.gov/Nchs/Data/Nhanes/Public/2015/DataFiles/BPX_I.xpt","downloaded",1607120,"ea61a348c6baff8aa2892a021cdf4e87"
"2017-2018","2017","J","BPX","BPX_J.xpt","https://wwwn.cdc.gov/Nchs/Data/Nhanes/Public/2017/DataFiles/BPX_J.xpt","downloaded",1466000,"6785e6261dffcb7c060c87e520fd8df8"
"2011-2012","2011","G","HDL","HDL_G.xpt","https://wwwn.cdc.gov/Nchs/Data/Nhanes/Public/2011/DataFiles/HDL_G.xpt","downloaded",188960,"9586d1c37707acd1447474aa410be64c"
"2013-2014","2013","H","HDL","HDL_H.xpt","https://wwwn.cdc.gov/Nchs/Data/Nhanes/Public/2013/DataFiles/HDL_H.xpt","downloaded",200240,"6d6b89a5bd0d5628860b8ca0f7421867"
"2015-2016","2015","I","HDL","HDL_I.xpt","https://wwwn.cdc.gov/Nchs/Data/Nhanes/Public/2015/DataFiles/HDL_I.xpt","downloaded",193760,"738ed038de50c634d246a09e4781f087"
"2017-2018","2017","J","HDL","HDL_J.xpt","https://wwwn.cdc.gov/Nchs/Data/Nhanes/Public/2017/DataFiles/HDL_J.xpt","downloaded",179680,"7ceebc13b2db63ee7955b11b661cab13"
"2011-2012","2011","G","TRIGLY","TRIGLY_G.xpt","https://wwwn.cdc.gov/Nchs/Data/Nhanes/Public/2011/DataFiles/TRIGLY_G.xpt","downloaded",157120,"2f18536d5ef4bd3cd6ec333ee0fd047a"
"2013-2014","2013","H","TRIGLY","TRIGLY_H.xpt","https://wwwn.cdc.gov/Nchs/Data/Nhanes/Public/2013/DataFiles/TRIGLY_H.xpt","downloaded",161440,"6826ed9932fe7ea0c5c3f0058a8238d2"
"2015-2016","2015","I","TRIGLY","TRIGLY_I.xpt","https://wwwn.cdc.gov/Nchs/Data/Nhanes/Public/2015/DataFiles/TRIGLY_I.xpt","downloaded",154800,"ce87f1a0d64a73ab6af7cd6a0680c62a"
"2017-2018","2017","J","TRIGLY","TRIGLY_J.xpt","https://wwwn.cdc.gov/Nchs/Data/Nhanes/Public/2017/DataFiles/TRIGLY_J.xpt","downloaded",245040,"511c95235354c8325f704150adccee92"
"2011-2012","2011","G","GHB","GHB_G.xpt","https://wwwn.cdc.gov/Nchs/Data/Nhanes/Public/2011/DataFiles/GHB_G.xpt","downloaded",105840,"b14501f6d1357b2a3272db3b471be485"
"2013-2014","2013","H","GHB","GHB_H.xpt","https://wwwn.cdc.gov/Nchs/Data/Nhanes/Public/2013/DataFiles/GHB_H.xpt","downloaded",112720,"86ba74cc83143f1e9ea3643ae2a5b1da"
"2015-2016","2015","I","GHB","GHB_I.xpt","https://wwwn.cdc.gov/Nchs/Data/Nhanes/Public/2015/DataFiles/GHB_I.xpt","downloaded",108960,"c5fd828c4ac9c25159959337dbffd9a0"
"2017-2018","2017","J","GHB","GHB_J.xpt","https://wwwn.cdc.gov/Nchs/Data/Nhanes/Public/2017/DataFiles/GHB_J.xpt","downloaded",103520,"3ed004ca802328e9de20bbc1b9091ae6"
"2011-2012","2011","G","GLU","GLU_G.xpt","https://wwwn.cdc.gov/Nchs/Data/Nhanes/Public/2011/DataFiles/GLU_G.xpt","downloaded",209200,"a9cb7c8c50e3d40cd9d28bf423c84791"
"2013-2014","2013","H","GLU","GLU_H.xpt","https://wwwn.cdc.gov/Nchs/Data/Nhanes/Public/2013/DataFiles/GLU_H.xpt","downloaded",161440,"6c34bf73c1e46416179af13718c93012"
"2015-2016","2015","I","GLU","GLU_I.xpt","https://wwwn.cdc.gov/Nchs/Data/Nhanes/Public/2015/DataFiles/GLU_I.xpt","downloaded",103440,"df47783670402deb15069b48bcc92ca8"
"2017-2018","2017","J","GLU","GLU_J.xpt","https://wwwn.cdc.gov/Nchs/Data/Nhanes/Public/2017/DataFiles/GLU_J.xpt","downloaded",98480,"de67c461f2688d4b6e2e5e2b17d27e5c"
"2011-2012","2011","G","INS","INS_G.xpt","https://wwwn.cdc.gov/Nchs/Data/Nhanes/Public/2011/DataFiles/INS_G.xpt","unavailable: cannot open URL 'https://wwwn.cdc.gov/Nchs/Data/Nhanes/Public/2011/DataFiles/INS_G.xpt'",,
"2013-2014","2013","H","INS","INS_H.xpt","https://wwwn.cdc.gov/Nchs/Data/Nhanes/Public/2013/DataFiles/INS_H.xpt","downloaded",161440,"accbc7e8fc80c397cbdc07f1aebcb0ba"
"2015-2016","2015","I","INS","INS_I.xpt","https://wwwn.cdc.gov/Nchs/Data/Nhanes/Public/2015/DataFiles/INS_I.xpt","downloaded",180480,"ffc2b9bd25b667889aa7a03b2b8aa03a"
"2017-2018","2017","J","INS","INS_J.xpt","https://wwwn.cdc.gov/Nchs/Data/Nhanes/Public/2017/DataFiles/INS_J.xpt","downloaded",122880,"45bfdefb4655aaba83af018dc59c5b23"
"2011-2012","2011","G","HSCRP","HSCRP_G.xpt","https://wwwn.cdc.gov/Nchs/Data/Nhanes/Public/2011/DataFiles/HSCRP_G.xpt","unavailable: cannot open URL 'https://wwwn.cdc.gov/Nchs/Data/Nhanes/Public/2011/DataFiles/HSCRP_G.xpt'",,
"2013-2014","2013","H","HSCRP","HSCRP_H.xpt","https://wwwn.cdc.gov/Nchs/Data/Nhanes/Public/2013/DataFiles/HSCRP_H.xpt","unavailable: cannot open URL 'https://wwwn.cdc.gov/Nchs/Data/Nhanes/Public/2013/DataFiles/HSCRP_H.xpt'",,
"2015-2016","2015","I","HSCRP","HSCRP_I.xpt","https://wwwn.cdc.gov/Nchs/Data/Nhanes/Public/2015/DataFiles/HSCRP_I.xpt","downloaded",221200,"bd307f1dab08dad0b60e7f9e29d109b5"
"2017-2018","2017","J","HSCRP","HSCRP_J.xpt","https://wwwn.cdc.gov/Nchs/Data/Nhanes/Public/2017/DataFiles/HSCRP_J.xpt","downloaded",202000,"e73b7c777ff1e7398444299d470b24d7"
"2011-2012","2011","G","BIOPRO","BIOPRO_G.xpt","https://wwwn.cdc.gov/Nchs/Data/Nhanes/Public/2011/DataFiles/BIOPRO_G.xpt","downloaded",1997040,"d2973177b945bbb0306fc5692b528801"
"2013-2014","2013","H","BIOPRO","BIOPRO_H.xpt","https://wwwn.cdc.gov/Nchs/Data/Nhanes/Public/2013/DataFiles/BIOPRO_H.xpt","downloaded",2127760,"1039d447d520cb094e86eda1c3c99271"
"2015-2016","2015","I","BIOPRO","BIOPRO_I.xpt","https://wwwn.cdc.gov/Nchs/Data/Nhanes/Public/2015/DataFiles/BIOPRO_I.xpt","downloaded",2056320,"f79720ea4aa861535f215730c66fd520"
"2017-2018","2017","J","BIOPRO","BIOPRO_J.xpt","https://wwwn.cdc.gov/Nchs/Data/Nhanes/Public/2017/DataFiles/BIOPRO_J.xpt","downloaded",2106080,"1c1ab70913acc8233ad1d23fd95f89da"
"2011-2012","2011","G","BPQ","BPQ_G.xpt","https://wwwn.cdc.gov/Nchs/Data/Nhanes/Public/2011/DataFiles/BPQ_G.xpt","downloaded",743920,"6bd9225ce7b707a031f1dbe31d4127f2"
"2013-2014","2013","H","BPQ","BPQ_H.xpt","https://wwwn.cdc.gov/Nchs/Data/Nhanes/Public/2013/DataFiles/BPQ_H.xpt","downloaded",726720,"8b6463e652049319381be8cb056462d3"
"2015-2016","2015","I","BPQ","BPQ_I.xpt","https://wwwn.cdc.gov/Nchs/Data/Nhanes/Public/2015/DataFiles/BPQ_I.xpt","downloaded",559120,"618e1b3dcb9e964aeb72b564d93c90d8"
"2017-2018","2017","J","BPQ","BPQ_J.xpt","https://wwwn.cdc.gov/Nchs/Data/Nhanes/Public/2017/DataFiles/BPQ_J.xpt","downloaded",544560,"73389571d1c6c3042b233b0277e4bcb3"
"2011-2012","2011","G","DIQ","DIQ_G.xpt","https://wwwn.cdc.gov/Nchs/Data/Nhanes/Public/2011/DataFiles/DIQ_G.xpt","downloaded",3978560,"ffba08e08a59907aa7405b2d6e2a3e3a"
"2013-2014","2013","H","DIQ","DIQ_H.xpt","https://wwwn.cdc.gov/Nchs/Data/Nhanes/Public/2013/DataFiles/DIQ_H.xpt","downloaded",4228960,"e3e54401502f4d29f8649764268571e6"
"2015-2016","2015","I","DIQ","DIQ_I.xpt","https://wwwn.cdc.gov/Nchs/Data/Nhanes/Public/2015/DataFiles/DIQ_I.xpt","downloaded",4144720,"428a382a815c10f2e11db97f0f054c9b"
"2017-2018","2017","J","DIQ","DIQ_J.xpt","https://wwwn.cdc.gov/Nchs/Data/Nhanes/Public/2017/DataFiles/DIQ_J.xpt","downloaded",3851840,"582c75421372266d1591162511ea73cb"
"2011-2012","2011","G","RXQ_RX","RXQ_RX_G.xpt","https://wwwn.cdc.gov/Nchs/Data/Nhanes/Public/2011/DataFiles/RXQ_RX_G.xpt","downloaded",2994400,"9453938ceb9744e46630e0a66f587440"
"2013-2014","2013","H","RXQ_RX","RXQ_RX_H.xpt","https://wwwn.cdc.gov/Nchs/Data/Nhanes/Public/2013/DataFiles/RXQ_RX_H.xpt","downloaded",9897680,"0b8a12d67db31632bb1a3a29d302c829"
"2015-2016","2015","I","RXQ_RX","RXQ_RX_I.xpt","https://wwwn.cdc.gov/Nchs/Data/Nhanes/Public/2015/DataFiles/RXQ_RX_I.xpt","downloaded",9629600,"eb2b43ff7557bf7edc17dc9b58858e72"
"2017-2018","2017","J","RXQ_RX","RXQ_RX_J.xpt","https://wwwn.cdc.gov/Nchs/Data/Nhanes/Public/2017/DataFiles/RXQ_RX_J.xpt","downloaded",9627680,"27f7fd5736b96386a29ee51e01418219"
"2011-2012","2011","G","SMQ","SMQ_G.xpt","https://wwwn.cdc.gov/Nchs/Data/Nhanes/Public/2011/DataFiles/SMQ_G.xpt","downloaded",1946960,"d6255f3d78b1aff348ce4167fe2c0b65"
"2013-2014","2013","H","SMQ","SMQ_H.xpt","https://wwwn.cdc.gov/Nchs/Data/Nhanes/Public/2013/DataFiles/SMQ_H.xpt","downloaded",2170000,"4e4ea631cc9d9672a6bc9c30d0986082"
"2015-2016","2015","I","SMQ","SMQ_I.xpt","https://wwwn.cdc.gov/Nchs/Data/Nhanes/Public/2015/DataFiles/SMQ_I.xpt","downloaded",2681040,"59978e837bf7f37c550a4bed965e6835"
"2017-2018","2017","J","SMQ","SMQ_J.xpt","https://wwwn.cdc.gov/Nchs/Data/Nhanes/Public/2017/DataFiles/SMQ_J.xpt","downloaded",2305600,"2a4fb99269a678cfc9ea7b0bd77a6eae"
"2011-2012","2011","G","PAQ","PAQ_G.xpt","https://wwwn.cdc.gov/Nchs/Data/Nhanes/Public/2011/DataFiles/PAQ_G.xpt","downloaded",1533680,"8c4b1c11668d0990bcfe098cf351a59b"
"2013-2014","2013","H","PAQ","PAQ_H.xpt","https://wwwn.cdc.gov/Nchs/Data/Nhanes/Public/2013/DataFiles/PAQ_H.xpt","downloaded",7297920,"2ef54507f571b123e17fc0bfd1047b74"
"2015-2016","2015","I","PAQ","PAQ_I.xpt","https://wwwn.cdc.gov/Nchs/Data/Nhanes/Public/2015/DataFiles/PAQ_I.xpt","downloaded",6973680,"5aff81e1160f9dd6d5c50a1ce12786f1"
"2017-2018","2017","J","PAQ","PAQ_J.xpt","https://wwwn.cdc.gov/Nchs/Data/Nhanes/Public/2017/DataFiles/PAQ_J.xpt","downloaded",799600,"455a742232c2c483c81efd3293f92062"
"2011-2012","2011","G","ALQ","ALQ_G.xpt","https://wwwn.cdc.gov/Nchs/Data/Nhanes/Public/2011/DataFiles/ALQ_G.xpt","downloaded",451360,"5221ae5eea6358eecf572fb0f3370592"
"2013-2014","2013","H","ALQ","ALQ_H.xpt","https://wwwn.cdc.gov/Nchs/Data/Nhanes/Public/2013/DataFiles/ALQ_H.xpt","downloaded",476080,"a95ec1cb76dfe3fd778e957c04fce4b5"
"2015-2016","2015","I","ALQ","ALQ_I.xpt","https://wwwn.cdc.gov/Nchs/Data/Nhanes/Public/2015/DataFiles/ALQ_I.xpt","downloaded",460960,"fc4804178f3238307880962f2909d8f9"
"2017-2018","2017","J","ALQ","ALQ_J.xpt","https://wwwn.cdc.gov/Nchs/Data/Nhanes/Public/2017/DataFiles/ALQ_J.xpt","downloaded",444800,"042926fb111908aaf08e0a0afd496fda"
