"Package","Version"
"DBI","1.3.0"
"mitools","2.4"
"RcppArmadillo","15.4.0-1"
"survey","4.5"
"abind","1.4-8"
"bit","4.6.0"
"bit64","4.8.2"
"cellranger","1.1.0"
"cli","3.6.6"
"clipr","0.8.1"
"colorspace","2.1-2"
"CompQuadForm","1.4.4"
"cpp11","0.5.5"
"crayon","1.5.3"
"digest","0.6.39"
"dplyr","1.2.1"
"farver","2.1.2"
"generics","0.1.4"
"ggplot2","4.0.3"
"ggrepel","0.9.8"
"glue","1.8.1"
"gtable","0.3.6"
"hms","1.1.4"
"igraph","2.3.3"
"isoband","0.3.0"
"labeling","0.4.3"
"lifecycle","1.0.5"
"lme4","2.0-1"
"magic","1.6-1"
"magrittr","2.0.5"
"mathjaxr","2.0-0"
"meta","8.5-0"
"metabook","0.2-0"
"metadat","1.6-0"
"metafor","5.0-1"
"minqa","1.2.8"
"mvtnorm","1.4-1"
"netmeta","3.6-1"
"nloptr","2.2.1"
"numDeriv","2016.8-1.1"
"pbapply","1.7-4"
"pillar","1.11.1"
"pkgconfig","2.0.3"
"prettyunits","1.2.0"
"progress","1.2.3"
"purrr","1.2.2"
"R6","2.6.1"
"rbibutils","2.4.1"
"RColorBrewer","1.1-3"
"Rcpp","1.1.1-1.1"
"RcppEigen","0.3.4.0.2"
"Rdpack","2.6.6"
"readr","2.2.0"
"readxl","1.5.0"
"reformulas","0.4.4"
"rematch","2.0.0"
"rlang","1.2.0"
"S7","0.2.2"
"scales","1.4.0"
"stringi","1.8.7"
"stringr","1.6.0"
"tibble","3.3.1"
"tidyr","1.3.2"
"tidyselect","1.2.1"
"tzdb","0.5.0"
"utf8","1.2.6"
"vctrs","0.7.3"
"viridisLite","0.4.3"
"vroom","1.7.1"
"withr","3.0.2"
"writexl","1.5.4"
"xml2","1.5.2"
"base","4.6.0"
"boot","1.3-32"
"class","7.3-23"
"cluster","2.1.8.2"
"codetools","0.2-20"
"compiler","4.6.0"
"datasets","4.6.0"
"foreign","0.8-91"
"graphics","4.6.0"
"grDevices","4.6.0"
"grid","4.6.0"
"KernSmooth","2.23-26"
"lattice","0.22-9"
"MASS","7.3-65"
"Matrix","1.7-5"
"methods","4.6.0"
"mgcv","1.9-4"
"nlme","3.1-169"
"nnet","7.3-20"
"parallel","4.6.0"
"rpart","4.1.27"
"spatial","7.3-18"
"splines","4.6.0"
"stats","4.6.0"
"stats4","4.6.0"
"survival","3.8-6"
"tcltk","4.6.0"
"tools","4.6.0"
"utils","4.6.0"
